site,year,cover,pred_cover,abs_error
Mahe E Patch,0,6.40098995163101,34.699138341096024,28.298148389465013
Mahe E Patch,1,6.92098076273418,35.20300848602581,28.282027723291627
Mahe E Patch,2,7.49651839734484,35.706878630955586,28.210360233610746
Mahe E Patch,3,8.11399005846889,36.21074877588537,28.09675871741648
Mahe E Patch,4,8.77118794546501,36.714618920815155,27.943430975350147
Mahe E Patch,5,9.44956068685932,37.21848906574493,27.76892837888561
Mahe E Patch,6,10.1728322925544,37.72235921067472,27.549526918120318
Mahe E Patch,7,10.9349315696151,38.2262293556045,27.2912977859894
Mahe E Patch,8,11.7385754694254,38.73009950053428,26.99152403110888
Mahe E Patch,9,12.6087333494382,39.233969645464065,26.625236296025864
Mahe E Patch,10,13.5494204408671,39.73783979039385,26.188419349526747
Mahe E Patch,11,14.4968289650955,40.241709935323634,25.744880970228134
Mahe E Patch,12,15.5788948205071,40.74558008025342,25.166685259746316
Mahe E Patch,13,16.6187631509302,41.249450225183196,24.630687074252997
Mahe E Patch,14,17.7229495145243,41.75332037011298,24.030370855588682
Mahe E Patch,15,18.8358884492308,42.257190515042765,23.421302065811965
Mahe E Patch,16,20.0233861043936,42.76106065997255,22.73767455557895
Mahe E Patch,17,21.2203966945734,43.264930804902335,22.044534110328936
Mahe E Patch,18,22.4655519059368,43.76880094983211,21.303249043895313
Mahe E Patch,19,23.739831194357,44.2726710947619,20.5328399004049
Mahe E Patch,20,25.0479472074662,44.77654123969168,19.72859403222548
Mahe E Patch,21,26.3759293921351,45.28041138462146,18.90448199248636
Mahe E Patch,22,27.6694414285697,45.784281529551244,18.114840100981542
Mahe E Patch,23,29.0896033579624,46.28815167448103,17.19854831651863
Mahe E Patch,24,30.456493401614,46.792021819410806,16.335528417796805
Mahe E Patch,25,31.8221610454506,47.2958919643406,15.473730918889999
Mahe E Patch,26,33.2025429613064,47.799762109270375,14.597219147963976
Mahe E Patch,27,34.577895837824,48.30363225420016,13.725736416376158
Mahe E Patch,28,35.9479138940786,48.80750239912994,12.859588505051335
Mahe E Patch,29,37.2612024332447,49.31137254405972,12.050170110815024
Mahe E Patch,30,38.5938200818152,49.8152426889895,11.221422607174297
Mahe E Patch,31,39.9064201640775,50.319112833919284,10.412692669841782
Mahe E Patch,32,41.2286899332086,50.82298297884907,9.59429304564047
Mahe E Patch,33,42.5268745192703,51.326853123778854,8.799978604508553
Mahe E Patch,34,43.8024008491162,51.83072326870864,8.028322419592442
Mahe E Patch,35,45.0430456467443,52.334593413638416,7.291547766894119
Mahe E Patch,36,46.2672101255371,52.8384635585682,6.571253433031103
Mahe E Patch,37,47.4578937739823,53.342333703497985,5.884439929515686
Mahe E Patch,38,48.6232388892951,53.84620384842776,5.222964959132661
Mahe E Patch,39,49.747190880546,54.350073993357555,4.602883112811554
Mahe E Patch,40,50.8548690633925,54.85394413828733,3.999075074894833
Mahe E Patch,41,51.9138802078647,55.35781428321712,3.4439340753524164
Mahe E Patch,42,52.947378653987,55.8616844281469,2.9143057741598994
Mahe E Patch,43,53.9325190055622,56.36555457307668,2.43303556751448
Mahe E Patch,44,54.8920646756224,56.869424718006464,1.9773600423840634
Mahe E Patch,45,55.8206269850053,57.37329486293625,1.5526678779309506
Mahe E Patch,46,56.7167121223355,57.877165007866026,1.1604528855305247
Mahe E Patch,47,57.5677462762912,58.38103515279581,0.8132888765046076
Mahe E Patch,48,58.3747223799036,58.884905297725595,0.510182917821993
Mahe E Patch,49,59.1483536738161,59.38877544265538,0.24042176883927624
Mahe E Patch,50,59.8812744915479,59.892645587585164,0.011371096037265715
Mahe E Patch,51,60.5817413685544,60.39651573251494,0.18522563603945486
Mahe E Patch,52,61.267079817127,60.90038587744473,0.36669393968227126
Mahe E Patch,53,61.9326498986156,61.40425602237451,0.5283938762410898
Mahe E Patch,54,62.5675261263754,61.90812616730429,0.6593999590711093
Mahe E Patch,55,63.1649076871843,62.41199631223407,0.752911374950223
Mahe E Patch,56,63.7393134827972,62.91586645716386,0.8234470256333424
Mahe E Patch,57,64.2842277877853,63.41973660209364,0.8644911856916551
Mahe E Patch,58,64.8035017851519,63.92360674702343,0.8798950381284669
Mahe E Patch,59,65.2946011190283,64.4274768919532,0.8671242270750952
Mahe E Patch,60,65.7595089775316,64.93134703688298,0.8281619406486129
Mahe E Patch,61,66.1942337952111,65.43521718181277,0.7590166133983303
Mahe E Patch,62,66.6091198026641,65.93908732674255,0.6700324759215448
Mahe E Patch,63,67.0004097343381,66.44295747167234,0.5574522626657625
Mahe E Patch,64,67.3715015443599,66.94682761660212,0.42467392775778023
Mahe E Patch,65,67.7231111629229,67.4506977615319,0.272413401391006
Mahe E Patch,66,68.0533855885721,67.95456790646169,0.09881768211040765
Mahe E Patch,67,68.3666872500551,68.45843805139147,0.09175080133637437
Mahe E Patch,68,68.6611266523857,68.96230819632126,0.30118154393555585
Mahe E Patch,69,68.9394618271063,69.46617834125104,0.5267165141447379
Mahe E Patch,70,69.2024842190375,69.97004848618081,0.7675642671433138
Mahe E Patch,71,69.4509567175119,70.4739186311106,1.0229619135987065
Mahe E Patch,72,69.6856134116049,70.97778877604038,1.2921753644354794
Mahe E Patch,73,69.9071595479279,71.48165892097016,1.5744993730422578
Mahe E Patch,74,70.1171291402937,71.98552906589995,1.868399925606255
Mahe E Patch,75,70.3145600309077,72.48939921082973,2.1748391799220315
Mahe E Patch,76,70.4993066383749,72.99326935575951,2.493962717384605
Mahe E Patch,77,70.6740439192499,73.4971395006893,2.8230955814394036
Mahe E Patch,78,70.8394558892768,74.00100964561908,3.161553756342272
Mahe E Patch,79,70.9963822523541,74.50487979054887,3.5084975381947743
Mahe E Patch,80,71.1442689792083,75.00874993547865,3.8644809562703415
Mahe E Patch,81,71.2836117168777,75.51262008040842,4.229008363530724
Mahe E Patch,82,71.4148818612957,76.0164902253382,4.601608364042505
Mahe E Patch,83,71.5385273937098,76.520360370268,4.981832976558195
Mahe E Patch,84,71.6549737337947,77.02423051519779,5.369256781403081
Mahe E Patch,85,71.7649599629094,77.52810066012756,5.763140697218162
Mahe E Patch,86,71.8675096444317,78.03197080505734,6.164461160625635
Mahe E Patch,87,71.9640881630534,78.53584094998712,6.571752786933715
Mahe E Patch,88,72.0550327376095,79.03971109491691,6.984678357307416
Mahe E Patch,89,72.1406627609512,79.54358123984669,7.4029184788954865
Mahe E Patch,90,72.2212805984094,80.04745138477648,7.826170786367086
Mahe E Patch,91,72.2974566548524,80.55132152970626,8.25386487485386
Mahe E Patch,92,72.3687117053089,81.05519167463603,8.686479969327138
Mahe E Patch,93,72.4354920828475,81.55906181956583,9.123569736718323
Mahe E Patch,94,72.4979999179456,82.0629319644956,9.564932046549998
Mahe E Patch,95,72.5568708172559,82.5668021094254,10.009931292169497
Mahe E Patch,96,72.6123125241664,83.07067225435517,10.458359730188775
Mahe E Patch,97,72.6645213613328,83.57454239928495,10.910021037952149
Mahe E Patch,98,72.7136828068063,84.07841254421474,11.364729737408439
Mahe E Patch,99,72.7599720472494,84.58228268914452,11.822310641895115
Mahe NW Carbonate,0,8.42791633890065,27.46203448696653,19.03411814806588
Mahe NW Carbonate,1,9.99614717287711,27.99418624395269,17.99803907107558
Mahe NW Carbonate,2,11.7991835594352,28.526338000938843,16.727154441503643
Mahe NW Carbonate,3,13.8583745407708,29.058489757925003,15.200115217154202
Mahe NW Carbonate,4,16.1508854177524,29.590641514911162,13.439756097158764
Mahe NW Carbonate,5,18.6472113387807,30.122793271897322,11.475581933116622
Mahe NW Carbonate,6,21.32450052807,30.654945028883475,9.330444500813474
Mahe NW Carbonate,7,24.1896185960645,31.187096785869635,6.997478189805136
Mahe NW Carbonate,8,27.1668395270652,31.719248542855794,4.5524090157905945
Mahe NW Carbonate,9,30.1666940730263,32.251400299841954,2.084706226815655
Mahe NW Carbonate,10,33.1722999412888,32.783552056828114,0.38874788446068465
Mahe NW Carbonate,11,36.2450816161897,33.31570381381427,2.929377802375434
Mahe NW Carbonate,12,39.2072730008448,33.847855570800434,5.359417430044367
Mahe NW Carbonate,13,42.0261117902315,34.380007327786586,7.64610446244491
Mahe NW Carbonate,14,44.665302091441,34.91215908477275,9.753143006668246
Mahe NW Carbonate,15,47.1406948395029,35.444310841758906,11.696383997743993
Mahe NW Carbonate,16,49.4530428711579,35.97646259874507,13.476580272412825
Mahe NW Carbonate,17,51.579962278961,36.508614355731225,15.071347923229773
Mahe NW Carbonate,18,53.5431821790726,37.04076611271738,16.502416066355224
Mahe NW Carbonate,19,55.3230936175575,37.572917869703545,17.75017574785395
Mahe NW Carbonate,20,56.9114452475484,38.1050696266897,18.806375620858702
Mahe NW Carbonate,21,58.3205688734809,38.63722138367585,19.68334748980505
Mahe NW Carbonate,22,59.5664251991632,39.16937314066202,20.39705205850118
Mahe NW Carbonate,23,60.6918080090368,39.70152489764817,20.990283111388628
Mahe NW Carbonate,24,61.6707751375078,40.23367665463434,21.437098482873466
Mahe NW Carbonate,25,62.5414597074502,40.76582841162049,21.77563129582971
Mahe NW Carbonate,26,63.3092597296128,41.29798016860664,22.011279561006155
Mahe NW Carbonate,27,63.9799150480525,41.83013192559281,22.149783122459688
Mahe NW Carbonate,28,64.5636186068224,42.36228368257896,22.20133492424344
Mahe NW Carbonate,29,65.0592398641221,42.89443543956513,22.164804424556976
Mahe NW Carbonate,30,65.4932285315456,43.42658719655128,22.066641334994316
Mahe NW Carbonate,31,65.8708038932057,43.958738953537434,21.91206493966827
Mahe NW Carbonate,32,66.2001968172188,44.4908907105236,21.709306106695195
Mahe NW Carbonate,33,66.4838100422686,45.023042467509754,21.460767574758847
Mahe NW Carbonate,34,66.7300068277962,45.55519422449592,21.174812603300282
Mahe NW Carbonate,35,66.9416104236552,46.08734598148207,20.854264442173132
Mahe NW Carbonate,36,67.1243279854632,46.619497738468226,20.50483024699497
Mahe NW Carbonate,37,67.2799234181574,47.15164949545439,20.128273922703002
Mahe NW Carbonate,38,67.415657565129,47.683801252440546,19.73185631268845
Mahe NW Carbonate,39,67.5318667914807,48.215953009426705,19.31591378205399
Mahe NW Carbonate,40,67.6321692091643,48.748104766412865,18.884064442751438
Mahe NW Carbonate,41,67.7190834352169,49.28025652339902,18.438826911817884
Mahe NW Carbonate,42,67.7938303064549,49.81240828038518,17.981422026069716
Mahe NW Carbonate,43,67.8586788843688,50.34456003737134,17.514118846997462
Mahe NW Carbonate,44,67.9139804703191,50.8767117943575,17.037268675961606
Mahe NW Carbonate,45,67.96132615874,51.40886355134366,16.552462607396336
Mahe NW Carbonate,46,68.001945297015,51.94101530832981,16.06092998868519
Mahe NW Carbonate,47,68.0368263690683,52.47316706531597,15.563659303752324
Mahe NW Carbonate,48,68.0668117636686,53.00531882230213,15.061492941366467
Mahe NW Carbonate,49,68.0925754219963,53.53747057928829,14.555104842708012
Mahe NW Carbonate,50,68.1145658503569,54.06962233627445,14.044943514082448
Mahe NW Carbonate,51,68.1335603606368,54.6017740932606,13.531786267376205
Mahe NW Carbonate,52,68.1499950541505,55.13392585024676,13.016069203903733
Mahe NW Carbonate,53,68.164146720672,55.66607760723292,12.498069113439072
Mahe NW Carbonate,54,68.1762014456628,56.19822936421908,11.977972081443717
Mahe NW Carbonate,55,68.1864813262115,56.73038112120524,11.456100205006265
Mahe NW Carbonate,56,68.195376506379,57.262532878191394,10.932843628187612
Mahe NW Carbonate,57,68.2030016819634,57.79468463517755,10.408317046785847
Mahe NW Carbonate,58,68.2095758882398,58.32683639216371,9.882739496076084
Mahe NW Carbonate,59,68.2153114917311,58.85898814914987,9.356323342581227
Mahe NW Carbonate,60,68.2202333707424,59.39113990613603,8.829093464606373
Mahe NW Carbonate,61,68.2244321489572,59.923291663122185,8.30114048583502
Mahe NW Carbonate,62,68.2280277214499,60.455443420108345,7.77258430134156
Mahe NW Carbonate,63,68.2311177315131,60.987595177094505,7.24352255441859
Mahe NW Carbonate,64,68.2337732413874,61.519746934080665,6.714026307306732
Mahe NW Carbonate,65,68.2360553312672,62.051898691066825,6.184156640200371
Mahe NW Carbonate,66,68.2380164997071,62.58405044805298,5.653966051654123
Mahe NW Carbonate,67,68.2397018680304,63.11620220503914,5.123499662991257
Mahe NW Carbonate,68,68.2411468966299,63.6483539620253,4.592792934604603
Mahe NW Carbonate,69,68.2423831316283,64.18050571901145,4.061877412616852
Mahe NW Carbonate,70,68.2434467528208,64.71265747599762,3.530789276823185
Mahe NW Carbonate,71,68.2443618588347,65.24480923298377,2.9995526258509244
Mahe NW Carbonate,72,68.2451491847182,65.77696098996994,2.468188194748265
Mahe NW Carbonate,73,68.2458265711976,66.30911274695609,1.936713824241508
Mahe NW Carbonate,74,68.246409368524,66.84126450394224,1.4051448645817572
Mahe NW Carbonate,75,68.2469107840126,67.37341626092841,0.8734945230841902
Mahe NW Carbonate,76,68.2473421811145,67.90556801791456,0.34177416319994336
Mahe NW Carbonate,77,68.2477133367725,68.43771977490071,0.19000643812820783
Mahe NW Carbonate,78,68.248032662873,68.96987153188688,0.7218388690138795
Mahe NW Carbonate,79,68.2483073967999,69.50202328887303,1.2537158920731315
Mahe NW Carbonate,80,68.2485437653973,70.0341750458592,1.7856312804618995
Mahe NW Carbonate,81,68.2487471260491,70.56632680284535,2.3175796767962566
Mahe NW Carbonate,82,68.2489220880683,71.0984785598315,2.849556471763208
Mahe NW Carbonate,83,68.2490726171423,71.63063031681767,3.381557699675369
Mahe NW Carbonate,84,68.2492021251979,72.16278207380383,3.9135799486059284
Mahe NW Carbonate,85,68.2493134244596,72.69493383078999,4.4456204063303915
Mahe NW Carbonate,86,68.2494092831196,73.22708558777614,4.977676304656541
Mahe NW Carbonate,87,68.249491808052,73.7592373447623,5.509745536710298
Mahe NW Carbonate,88,68.2495628037145,74.29138910174846,6.041826298033968
Mahe NW Carbonate,89,68.2496238808552,74.82354085873462,6.573916977879421
Mahe NW Carbonate,90,68.249676425182,75.35569261572078,7.1060161905387815
Mahe NW Carbonate,91,68.2497216041614,75.88784437270694,7.638122768545543
Mahe NW Carbonate,92,68.2497604820853,76.41999612969309,8.170235647607782
Mahe NW Carbonate,93,68.2497939915166,76.95214788667926,8.70235389516266
Mahe NW Carbonate,94,68.2498228807569,77.48429964366541,9.234476762908514
Mahe NW Carbonate,95,68.249847718693,78.01645140065156,9.766603681958557
Mahe NW Carbonate,96,68.2498690734718,78.54860315763773,10.298734084165929
Mahe NW Carbonate,97,68.2498874335635,79.08075491462388,10.83086748106038
Mahe NW Carbonate,98,68.2499032439162,79.61290667161005,11.363003427693855
Mahe NW Carbonate,99,68.2499168818844,80.1450584285962,11.895141546711798
Mahe NW Granite,0,9.04821463213659,42.043376363928346,32.995161731791754
Mahe NW Granite,1,10.0465850245766,42.56235988669577,32.51577486211917
Mahe NW Granite,2,11.1022129357423,43.0813434094632,31.9791304737209
Mahe NW Granite,3,12.2642722733854,43.60032693223063,31.336054658845228
Mahe NW Granite,4,13.5266492163598,44.11931045499804,30.592661238638243
Mahe NW Granite,5,14.9038398413176,44.63829397776547,29.734454136447873
Mahe NW Granite,6,16.4079217046096,45.157277500532885,28.749355795923286
Mahe NW Granite,7,17.9487089944119,45.67626102330031,27.727552028888415
Mahe NW Granite,8,19.5692602995947,46.19524454606774,26.625984246473042
Mahe NW Granite,9,21.3108241470266,46.71422806883517,25.403403921808568
Mahe NW Granite,10,23.127214116235,47.23321159160258,24.105997475367584
Mahe NW Granite,11,25.0213475746683,47.75219511437001,22.73084753970171
Mahe NW Granite,12,26.9570353246087,48.27117863713744,21.31414331252874
Mahe NW Granite,13,28.9241088706605,48.79016215990486,19.86605328924436
Mahe NW Granite,14,30.9090728109522,49.30914568267228,18.40007287172008
Mahe NW Granite,15,32.8945823712643,49.82812920543971,16.93354683417541
Mahe NW Granite,16,34.8762365006604,50.34711272820714,15.47087622754674
Mahe NW Granite,17,36.8356908655763,50.86609625097455,14.030405385398254
Mahe NW Granite,18,38.7346043622643,51.38507977374198,12.650475411477679
Mahe NW Granite,19,40.6383641716008,51.904063296509406,11.265699124908608
Mahe NW Granite,20,42.4972612966848,52.42304681927683,9.92578552259203
Mahe NW Granite,21,44.2993823669574,52.94203034204425,8.642647975086845
Mahe NW Granite,22,46.0369394042781,53.461013864811676,7.424074460533575
Mahe NW Granite,23,47.7384581656722,53.979997387579104,6.241539221906905
Mahe NW Granite,24,49.3657376807445,54.49898091034652,5.133243229602016
Mahe NW Granite,25,50.9301987561556,55.017964433113946,4.087765676958348
Mahe NW Granite,26,52.4407641608057,55.53694795588137,3.0961837950756674
Mahe NW Granite,27,53.8209983719718,56.05593147864879,2.2349331066769906
Mahe NW Granite,28,55.1189439131119,56.574915001416215,1.4559710883043167
Mahe NW Granite,29,56.3381193861388,57.093898524183636,0.7557791380448364
Mahe NW Granite,30,57.4656764935922,57.61288204695106,0.14720555335885877
Mahe NW Granite,31,58.5183395951521,58.131865569718485,0.3864740254336141
Mahe NW Granite,32,59.5056445496537,58.650849092485906,0.8547954571677963
Mahe NW Granite,33,60.4153775483527,59.169832615253334,1.2455449330993673
Mahe NW Granite,34,61.2606366675374,59.688816138020755,1.5718205295166428
Mahe NW Granite,35,62.0590611158815,60.20779966078818,1.851261455093315
Mahe NW Granite,36,62.7963726609069,60.726783183555604,2.0695894773512933
Mahe NW Granite,37,63.4703276191621,61.245766706323025,2.224560912839074
Mahe NW Granite,38,64.0980796115553,61.76475022909045,2.3333293824648536
Mahe NW Granite,39,64.6770004496996,62.28373375185787,2.3932666978417316
Mahe NW Granite,40,65.2101521006821,62.802717274625294,2.4074348260568
Mahe NW Granite,41,65.7006110123616,63.32170079739272,2.378910214968883
Mahe NW Granite,42,66.14982112551,63.84068432016014,2.3091368053498584
Mahe NW Granite,43,66.5621144499441,64.35966784292756,2.2024466070165403
Mahe NW Granite,44,66.9416211591716,64.87865136569499,2.0629697934766114
Mahe NW Granite,45,67.289351824076,65.39763488846242,1.891716935613573
Mahe NW Granite,46,67.6096458642444,65.91661841122983,1.6930274530145653
Mahe NW Granite,47,67.904278029029,66.43560193399726,1.4686760950317392
Mahe NW Granite,48,68.1709531411238,66.95458545676469,1.2163676843591134
Mahe NW Granite,49,68.4144555972173,67.4735689795321,0.9408866176851944
Mahe NW Granite,50,68.6387652727281,67.99255250229953,0.6462127704285621
Mahe NW Granite,51,68.8443102204783,68.51153602506696,0.33277419541134634
Mahe NW Granite,52,69.032819346916,69.03051954783439,0.0022997990816122638
Mahe NW Granite,53,69.2061073979243,69.5495030706018,0.34339567267750226
Mahe NW Granite,54,69.3636422112119,70.06848659336923,0.7048443821573329
Mahe NW Granite,55,69.5061332562799,70.58747011613666,1.081336859856762
Mahe NW Granite,56,69.6358966231373,71.10645363890407,1.4705570157667722
Mahe NW Granite,57,69.7529203844257,71.6254371616715,1.8725167772457922
Mahe NW Granite,58,69.8585310350843,72.14442068443893,2.2858896493546297
Mahe NW Granite,59,69.9548220723287,72.66340420720634,2.708582134877645
Mahe NW Granite,60,70.0425993703081,73.18238772997377,3.1397883596656726
Mahe NW Granite,61,70.1226162762373,73.7013712527412,3.5787549765039017
Mahe NW Granite,62,70.1963579411095,74.22035477550861,4.023996834399114
Mahe NW Granite,63,70.2634735176444,74.73933829827604,4.475864780631639
Mahe NW Granite,64,70.3245502334897,75.25832182104347,4.933771587553764
Mahe NW Granite,65,70.3801246930534,75.7773053438109,5.397180650757491
Mahe NW Granite,66,70.4306869932177,76.29628886657831,5.865601873360603
Mahe NW Granite,67,70.4767811296883,76.81527238934574,6.338491259657431
Mahe NW Granite,68,70.5187696299426,77.33425591211316,6.815486282170568
Mahe NW Granite,69,70.5569466183723,77.85323943488058,7.296292816508284
Mahe NW Granite,70,70.5916554280442,78.372222957648,7.7805675296038
Mahe NW Granite,71,70.6232089300205,78.89120648041543,8.267997550394938
Mahe NW Granite,72,70.6518602408288,79.41019000318285,8.758329762354052
Mahe NW Granite,73,70.6779054615165,79.92917352595028,9.251268064433773
Mahe NW Granite,74,70.701444732886,80.4481570487177,9.7467123158317
Mahe NW Granite,75,70.7229512649221,80.96714057148512,10.244189306563015
Mahe NW Granite,76,70.7425023518257,81.48612409425255,10.74362174242684
Mahe NW Granite,77,70.7602750940338,82.00510761701997,11.244832522986172
Mahe NW Granite,78,70.7764723271431,82.5240911397874,11.747618812644305
Mahe NW Granite,79,70.7912136566352,83.04307466255482,12.251861005919622
Mahe NW Granite,80,70.8046073482866,83.56205818532224,12.757450837035648
Mahe NW Granite,81,70.8167762762667,84.08104170808966,13.264265431822963
Mahe NW Granite,82,70.8278321683393,84.60002523085709,13.772193062517786
Mahe NW Granite,83,70.8378766070235,85.11900875362451,14.28113214660101
Mahe NW Granite,84,70.8469518666007,85.63799227639194,14.791040409791236
Mahe NW Granite,85,70.8552009928078,86.15697579915935,15.30177480635156
Mahe NW Granite,86,70.8626991761292,86.67595932192678,15.813260145797585
Mahe NW Granite,87,70.8695146764541,87.19494284469421,16.32542816824011
Mahe NW Granite,88,70.8757095665904,87.71392636746162,16.838216800871223
Mahe NW Granite,89,70.8813402899719,88.23290989022905,17.35156960025715
Mahe NW Granite,90,70.8864581686348,88.75189341299648,17.865435244361677
Mahe NW Granite,91,70.8911098658003,89.2708769357639,18.37976706996359
Mahe NW Granite,92,70.8953378070458,89.78986045853132,18.894522651485516
Mahe NW Granite,93,70.899182636534,90.30884398129875,19.409661344764757
Mahe NW Granite,94,70.9026866948257,90.82782750406616,19.92514080924046
Mahe NW Granite,95,70.9058704174415,91.34681102683359,20.440940609392086
Mahe NW Granite,96,70.9087630706567,91.86579454960102,20.957031478944316
Mahe NW Granite,97,70.9113912501483,92.38477807236845,21.47338682222015
Mahe NW Granite,98,70.9137791241315,92.90376159513586,21.989982471004367
Mahe NW Granite,99,70.9159486544579,93.42274511790329,22.506796463445383
Mahe NW Patch,0,12.4858384558302,35.24479745445642,22.75895899862622
Mahe NW Patch,1,13.4619582213912,35.78175164886941,22.31979342747821
Mahe NW Patch,2,14.4629817806217,36.318705843282395,21.855724062660695
Mahe NW Patch,3,15.4970386867619,36.85566003769539,21.358621350933486
Mahe NW Patch,4,16.6085192143645,37.39261423210838,20.78409501774388
Mahe NW Patch,5,17.8040771606664,37.929568426521364,20.125491265854965
Mahe NW Patch,6,18.9799934116289,38.46652262093435,19.48652920930545
Mahe NW Patch,7,20.2305834580373,39.00347681534734,18.77289335731004
Mahe NW Patch,8,21.4802796469566,39.54043100976033,18.060151362803733
Mahe NW Patch,9,22.8080762638277,40.07738520417332,17.269308940345617
Mahe NW Patch,10,24.17056216229,40.61433939858631,16.44377723629631
Mahe NW Patch,11,25.5311447824409,41.151293592999295,15.620148810558394
Mahe NW Patch,12,26.8777858256275,41.68824778741229,14.810461961784785
Mahe NW Patch,13,28.2163023541669,42.22520198182528,14.00889962765838
Mahe NW Patch,14,29.5530802163754,42.762156176238264,13.209075959862865
Mahe NW Patch,15,30.8697872554337,43.299110370651256,12.429323115217557
Mahe NW Patch,16,32.1199536845831,43.83606456506424,11.71611088048114
Mahe NW Patch,17,33.3774618545185,44.37301875947723,10.995556904958733
Mahe NW Patch,18,34.645152389007,44.90997295389022,10.264820564883216
Mahe NW Patch,19,35.8105874080359,45.44692714830321,9.63633974026731
Mahe NW Patch,20,36.9470855958423,45.9838813427162,9.0367957468739
Mahe NW Patch,21,38.0428373539476,46.52083553712919,8.47799818318159
Mahe NW Patch,22,39.0842429826738,47.05778973154218,7.9735467488683796
Mahe NW Patch,23,40.091646814785,47.594743925955164,7.503097111170163
Mahe NW Patch,24,41.0436533363439,48.131698120368156,7.088044784024255
Mahe NW Patch,25,41.9432100486411,48.66865231478115,6.72544226614005
Mahe NW Patch,26,42.788477912866,49.20560650919413,6.4171285963281335
Mahe NW Patch,27,43.5706320741766,49.742560703607126,6.171928629430525
Mahe NW Patch,28,44.3301156852321,50.27951489802011,5.949399212788009
Mahe NW Patch,29,45.016725096102,50.8164690924331,5.799743996331102
Mahe NW Patch,30,45.6569306186772,51.353423286846095,5.696492668168894
Mahe NW Patch,31,46.2543995799589,51.89037748125908,5.63597790130018
Mahe NW Patch,32,46.8123594834216,52.427331675672065,5.6149721922504625
Mahe NW Patch,33,47.3309960960912,52.964285870085064,5.633289773993866
Mahe NW Patch,34,47.8098658174628,53.50124006449805,5.691374247035249
Mahe NW Patch,35,48.2538502009668,54.038194258911034,5.784344057944232
Mahe NW Patch,36,48.6705096315646,54.575148453324026,5.904638821759427
Mahe NW Patch,37,49.0562110396886,55.11210264773702,6.0558916080484195
Mahe NW Patch,38,49.4136938099742,55.64905684215,6.235363032175805
Mahe NW Patch,39,49.739163130713,56.18601103656299,6.446847905849985
Mahe NW Patch,40,50.0366611950621,56.72296523097598,6.686304035913878
Mahe NW Patch,41,50.3075444998022,57.25991942538897,6.952374925586774
Mahe NW Patch,42,50.5535828837147,57.79687361980196,7.2432907360872605
Mahe NW Patch,43,50.77930951395,58.33382781421495,7.554518300264952
Mahe NW Patch,44,50.9864999953699,58.870782008627934,7.884282013258037
Mahe NW Patch,45,51.1752538200144,59.407736203040926,8.232482383026529
Mahe NW Patch,46,51.3478389004482,59.94469039745392,8.596851497005716
Mahe NW Patch,47,51.5055561700455,60.4816445918669,8.976088421821402
Mahe NW Patch,48,51.6496164035237,61.018598786279895,9.368982382756194
Mahe NW Patch,49,51.7811438738655,61.55555298069288,9.774409106827378
Mahe NW Patch,50,51.9011803792882,62.09250717510587,10.191326795817673
Mahe NW Patch,51,52.0112130342561,62.62946136951886,10.618248335262756
Mahe NW Patch,52,52.1119775360885,63.16641556393185,11.054438027843347
Mahe NW Patch,53,52.2037633750721,63.703369758344834,11.499606383272734
Mahe NW Patch,54,52.2864505768231,64.24032395275783,11.953873375934734
Mahe NW Patch,55,52.3610982887463,64.77727814717082,12.41617985842452
Mahe NW Patch,56,52.4291768043733,65.3142323415838,12.885055537210505
Mahe NW Patch,57,52.4912512355764,65.85118653599679,13.35993530042039
Mahe NW Patch,58,52.5478403107307,66.38814073040979,13.840300419679089
Mahe NW Patch,59,52.5999858743487,66.92509492482277,14.325109050474076
Mahe NW Patch,60,52.6472227579886,67.46204911923576,14.814826361247157
Mahe NW Patch,61,52.6899060635327,67.99900331364876,15.309097250116054
Mahe NW Patch,62,52.7290234563538,68.53595750806174,15.806934051707941
Mahe NW Patch,63,52.764848412491,69.07291170247473,16.30806328998373
Mahe NW Patch,64,52.7974493521888,69.60986589688771,16.812416544698912
Mahe NW Patch,65,52.826996153102,70.14682009130071,17.31982393819871
Mahe NW Patch,66,52.8536227270646,70.6837742857137,17.8301515586491
Mahe NW Patch,67,52.8781965569201,71.22072848012668,18.34253192320658
Mahe NW Patch,68,52.9004401034954,71.75768267453967,18.857242571044267
Mahe NW Patch,69,52.9206484177871,72.29463686895267,19.373988451165566
Mahe NW Patch,70,52.9390435301402,72.83159106336565,19.892547533225454
Mahe NW Patch,71,52.9558649950814,73.36854525777864,20.412680262697236
Mahe NW Patch,72,52.9711805879936,73.90549945219163,20.934318864198033
Mahe NW Patch,73,52.9851124492509,74.44245364660462,21.45734119735372
Mahe NW Patch,74,52.9977850525187,74.9794078410176,21.981622788498903
Mahe NW Patch,75,53.0093117686861,75.5163620354306,22.5070502667445
Mahe NW Patch,76,53.0197958398407,76.05331622984359,23.03352039000289
Mahe NW Patch,77,53.0293312706594,76.59027042425657,23.560939153597175
Mahe NW Patch,78,53.0379702142489,77.12722461866957,24.08925440442067
Mahe NW Patch,79,53.0458187137525,77.66417881308256,24.618360099330054
Mahe NW Patch,80,53.0529680453114,78.20113300749554,25.14816496218414
Mahe NW Patch,81,53.0594724901593,78.73808720190853,25.678614711749226
Mahe NW Patch,82,53.0653901072752,79.27504139632151,26.209651289046313
Mahe NW Patch,83,53.0707914002849,79.81199559073451,26.741204190449615
Mahe NW Patch,84,53.0757063131674,80.3489497851475,27.273243471980095
Mahe NW Patch,85,53.0801769331035,80.88590397956048,27.80572704645698
Mahe NW Patch,86,53.084251525165,81.42285817397348,28.33860664880848
Mahe NW Patch,87,53.0879569324381,81.95981236838647,28.87185543594837
Mahe NW Patch,88,53.0913154696012,82.49676656279945,29.405451093198252
Mahe NW Patch,89,53.0943696473242,83.03372075721245,29.93935110988825
Mahe NW Patch,90,53.0971470221128,83.57067495162542,30.47352792951262
Mahe NW Patch,91,53.0996726599383,84.10762914603842,31.00795648610012
Mahe NW Patch,92,53.1019693605629,84.6445833404514,31.542613979888507
Mahe NW Patch,93,53.1040578617931,85.18153753486439,32.07747967307129
Mahe NW Patch,94,53.1059570254345,85.71849172927739,32.61253470384289
Mahe NW Patch,95,53.1076840065666,86.25544592369037,33.14776191712377
Mahe NW Patch,96,53.1092544076197,86.79240011810336,33.68314571048366
Mahe NW Patch,97,53.1106824186037,87.32935431251636,34.218671893912656
Mahe NW Patch,98,53.1119850192553,87.86630850692934,34.75432348767404
Mahe NW Patch,99,53.113171245616,88.40326270134233,35.290091455726326
Mahe W Carbonate,0,13.5825523128488,34.308655812321575,20.726103499472774
Mahe W Carbonate,1,15.0735573189198,34.8176862904765,19.7441289715567
Mahe W Carbonate,2,16.7336068440228,35.326716768631435,18.593109924608637
Mahe W Carbonate,3,18.5541591496652,35.83574724678637,17.28158809712117
Mahe W Carbonate,4,20.496975641218,36.344777724941295,15.847802083723295
Mahe W Carbonate,5,22.5381432871705,36.85380820309622,14.315664915925723
Mahe W Carbonate,6,24.6834314162487,37.362838681251155,12.679407265002457
Mahe W Carbonate,7,26.9637344989391,37.87186915940609,10.908134660466988
Mahe W Carbonate,8,29.3913573785796,38.380899637561015,8.989542258981416
Mahe W Carbonate,9,31.9018324769601,38.88993011571594,6.988097638755843
Mahe W Carbonate,10,34.5159696713018,39.39896059387088,4.8829909225690855
Mahe W Carbonate,11,37.2047926619749,39.90799107202581,2.703198410050909
Mahe W Carbonate,12,39.9741265496187,40.417021550180735,0.44289500056203224
Mahe W Carbonate,13,42.7026093573837,40.926052028335675,1.7765573290480248
Mahe W Carbonate,14,45.4720588566888,41.4350825064906,4.036976350198195
Mahe W Carbonate,15,48.182442260401,41.94411298464553,6.2383292757554685
Mahe W Carbonate,16,50.9148050742208,42.45314346280046,8.46166161142034
Mahe W Carbonate,17,53.4934321599786,42.962173940955395,10.531258219023208
Mahe W Carbonate,18,56.0920843482528,43.47120441911032,12.620879929142475
Mahe W Carbonate,19,58.5802366352522,43.98023489726525,14.60000173798695
Mahe W Carbonate,20,60.9405207942793,44.48926537542018,16.45125541885912
Mahe W Carbonate,21,63.2315740557483,44.998295853575115,18.23327820217318
Mahe W Carbonate,22,65.4570267298843,45.50732633173004,19.949700398154263
Mahe W Carbonate,23,67.5709835783087,46.016356809884975,21.554626768423724
Mahe W Carbonate,24,69.5610104339467,46.5253872880399,23.035623145906804
Mahe W Carbonate,25,71.403430577234,47.034417766194835,24.36901281103917
Mahe W Carbonate,26,73.1755520158966,47.54344824434976,25.632103771546838
Mahe W Carbonate,27,74.7936864307223,48.052478722504695,26.74120770821761
Mahe W Carbonate,28,76.3267667533915,48.56150920065962,27.765257552731875
Mahe W Carbonate,29,77.7670344927152,49.070539678814555,28.696494813900642
Mahe W Carbonate,30,79.1046931330324,49.57957015696948,29.525122976062917
Mahe W Carbonate,31,80.3179031680382,50.088600635124415,30.229302532913785
Mahe W Carbonate,32,81.4312716990327,50.59763111327935,30.833640585753358
Mahe W Carbonate,33,82.4508201171286,51.106661591434275,31.344158525694326
Mahe W Carbonate,34,83.3964710881472,51.6156920695892,31.780779018557993
Mahe W Carbonate,35,84.2700522051579,52.124722547744135,32.14532965741376
Mahe W Carbonate,36,85.0764561835015,52.63375302589907,32.44270315760244
Mahe W Carbonate,37,85.8228470653763,53.142783504053995,32.6800635613223
Mahe W Carbonate,38,86.5044361022515,53.65181398220892,32.85262212004258
Mahe W Carbonate,39,87.1115196123914,54.160844460363855,32.95067515202755
Mahe W Carbonate,40,87.6679008358685,54.66987493851879,32.998025897349706
Mahe W Carbonate,41,88.1792894997683,55.178905416673715,33.00038408309459
Mahe W Carbonate,42,88.6446008253499,55.68793589482865,32.95666493052125
Mahe W Carbonate,43,89.0676501186772,56.196966372983574,32.87068374569362
Mahe W Carbonate,44,89.4550613305154,56.70599685113851,32.7490644793769
Mahe W Carbonate,45,89.8065314595568,57.215027329293434,32.59150413026336
Mahe W Carbonate,46,90.1200930828026,57.72405780744837,32.39603527535423
Mahe W Carbonate,47,90.4105979237062,58.2330882856033,32.177509638102904
Mahe W Carbonate,48,90.6735849429603,58.74211876375823,31.931466179202076
Mahe W Carbonate,49,90.9115550465962,59.25114924191316,31.660405804683045
Mahe W Carbonate,50,91.1268016663747,59.76017972006809,31.366621946306616
Mahe W Carbonate,51,91.3199786071715,60.26921019822302,31.050768408948485
Mahe W Carbonate,52,91.4936362437387,60.77824067637795,30.71539556736076
Mahe W Carbonate,53,91.6507888098311,61.28727115453288,30.363517655298217
Mahe W Carbonate,54,91.7935501417637,61.79630163268781,29.997248509075895
Mahe W Carbonate,55,91.9233454177787,62.30533211084274,29.618013306935964
Mahe W Carbonate,56,92.039433610872,62.814362588997675,29.22507102187432
Mahe W Carbonate,57,92.1441572676254,63.3233930671526,28.8207642004728
Mahe W Carbonate,58,92.238155495119,63.832423545307535,28.405731949811468
Mahe W Carbonate,59,92.3232052669188,64.34145402346246,27.981751243456344
Mahe W Carbonate,60,92.4001475015816,64.85048450161739,27.549662999964212
Mahe W Carbonate,61,92.4697461052402,65.35951497977233,27.110231125467877
Mahe W Carbonate,62,92.5329074581198,65.86854545792725,26.66436200019254
Mahe W Carbonate,63,92.5900326025717,66.37757593608218,26.212456666489516
Mahe W Carbonate,64,92.6420213514153,66.88660641423711,25.755414937178188
Mahe W Carbonate,65,92.6889929585872,67.39563689239205,25.29335606619516
Mahe W Carbonate,66,92.7314107393892,67.90466737054697,24.82674336884223
Mahe W Carbonate,67,92.7697134981231,68.4136978487019,24.356015649421195
Mahe W Carbonate,68,92.8042982560289,68.92272832685683,23.881569929172073
Mahe W Carbonate,69,92.8355241366246,69.43175880501177,23.40376533161283
Mahe W Carbonate,70,92.8637159072638,69.9407892831667,22.9229266240971
Mahe W Carbonate,71,92.8891947184647,70.44981976132162,22.439374957143073
Mahe W Carbonate,72,92.9122810241811,70.95885023947656,21.953430784704537
Mahe W Carbonate,73,92.9331105455431,71.46788071763149,21.465229827911614
Mahe W Carbonate,74,92.9519032466831,71.97691119578641,20.974992050896688
Mahe W Carbonate,75,92.9688577728868,72.48594167394134,20.482916098945466
Mahe W Carbonate,76,92.9841534942752,72.99497215209628,19.989181342178924
Mahe W Carbonate,77,92.9979523577966,73.50400263025121,19.4939497275454
Mahe W Carbonate,78,93.0104005647126,74.01303310840613,18.997367456306463
Mahe W Carbonate,79,93.0216300893703,74.52206358656107,18.49956650280923
Mahe W Carbonate,80,93.0317047564926,75.031094064716,18.0006106917766
Mahe W Carbonate,81,93.04074053085,75.54012454287093,17.500615987979074
Mahe W Carbonate,82,93.0489040748444,76.04915502102585,16.999749053818547
Mahe W Carbonate,83,93.0562789105885,76.55818549918078,16.498093411407723
Mahe W Carbonate,84,93.0629502725599,77.06721597733572,15.995734295224182
Mahe W Carbonate,85,93.0689904624888,77.57624645549065,15.492744006998151
Mahe W Carbonate,86,93.074442790587,78.08527693364557,14.989165856941426
Mahe W Carbonate,87,93.0793842621881,78.59430741180051,14.485076850387586
Mahe W Carbonate,88,93.0838690692143,79.10333788995544,13.980531179258861
Mahe W Carbonate,89,93.0878897023004,79.61236836811037,13.475521334190034
Mahe W Carbonate,90,93.0914998170649,80.12139884626531,12.970100970799592
Mahe W Carbonate,91,93.0947588070406,80.63042932442023,12.464329482620371
Mahe W Carbonate,92,93.097700808964,81.13945980257516,11.958241006388846
Mahe W Carbonate,93,93.1003616906823,81.6484902807301,11.451871409952204
Mahe W Carbonate,94,93.1027727598931,82.15752075888503,10.945252001008072
Mahe W Carbonate,95,93.10494792263,82.66655123703995,10.43839668559005
Mahe W Carbonate,96,93.10691025377,83.17558171519488,9.931328538575116
Mahe W Carbonate,97,93.1086805724453,83.6846121933498,9.424068379095488
Mahe W Carbonate,98,93.1102776623174,84.19364267150475,8.916634990812653
Mahe W Carbonate,99,93.1117184703892,84.70267314965967,8.409045320729533
Mahe W Granite,0,15.2946650836669,37.29301804179032,21.99835295812342
Mahe W Granite,1,17.067093473924,37.827149992383546,20.760056518459546
Mahe W Granite,2,18.9984901376486,38.361281942976774,19.362791805328175
Mahe W Granite,3,21.1540177746124,38.89541389357,17.741396118957603
Mahe W Granite,4,23.4012273756546,39.42954584416323,16.02831846850863
Mahe W Granite,5,25.7635002916533,39.96367779475645,14.200177503103149
Mahe W Granite,6,28.1709274432946,40.497809745349684,12.326882302055083
Mahe W Granite,7,30.6857724490244,41.031941695942905,10.346169246918503
Mahe W Granite,8,33.2929031161495,41.56607364653614,8.273170530386636
Mahe W Granite,9,35.8525155356606,42.10020559712936,6.247690061468759
Mahe W Granite,10,38.3206401451488,42.634337547722595,4.313697402573794
Mahe W Granite,11,40.8351050178771,43.168469498315815,2.3333644804387177
Mahe W Granite,12,43.2928273180189,43.70260144890904,0.4097741308901419
Mahe W Granite,13,45.6340015127291,44.23673339950227,1.3972681132268292
Mahe W Granite,14,47.847643067494,44.7708653500955,3.0767777173984996
Mahe W Granite,15,49.9584610912371,45.304997300688726,4.653463790548372
Mahe W Granite,16,51.9427698891786,45.83912925128195,6.103640637896646
Mahe W Granite,17,53.7833153975697,46.37326120187518,7.410054195694521
Mahe W Granite,18,55.4827929654974,46.9073931524684,8.575399813029001
Mahe W Granite,19,57.0561727873797,47.441525103061636,9.614647684318065
Mahe W Granite,20,58.4961540590667,47.97565705365486,10.52049700541184
Mahe W Granite,21,59.837783761382,48.50978900424809,11.327994757133908
Mahe W Granite,22,61.0206343626967,49.04392095484131,11.976713407855385
Mahe W Granite,23,62.079676810118,49.57805290543455,12.501623904683456
Mahe W Granite,24,63.0411938144934,50.11218485602777,12.92900895846563
Mahe W Granite,25,63.9081656030566,50.646316806620995,13.261848796435608
Mahe W Granite,26,64.6789747497144,51.18044875721422,13.498525992500177
Mahe W Granite,27,65.3875086690237,51.71458070780745,13.672927961216253
Mahe W Granite,28,66.0141264462381,52.24871265840068,13.765413787837417
Mahe W Granite,29,66.5524827129413,52.782844608993905,13.769638103947393
Mahe W Granite,30,67.0347307006996,53.31697655958713,13.717754141112465
Mahe W Granite,31,67.4617321446376,53.85110851018035,13.61062363445724
Mahe W Granite,32,67.8427591915237,54.38524046077359,13.45751873075011
Mahe W Granite,33,68.178363807134,54.91937241136681,13.258991395767197
Mahe W Granite,34,68.473521778544,55.453504361960036,13.020017416583961
Mahe W Granite,35,68.7346477396709,55.98763631255326,12.747011427117641
Mahe W Granite,36,68.9661822780479,56.52176826314649,12.444414014901405
Mahe W Granite,37,69.1702526585409,57.05590021373972,12.114352444801185
Mahe W Granite,38,69.3495975478367,57.590032164332946,11.759565383503748
Mahe W Granite,39,69.5061636683974,58.124164114926174,11.381999553471232
Mahe W Granite,40,69.6442417247224,58.658296065519394,10.985945659203011
Mahe W Granite,41,69.7649249256482,59.19242801611262,10.57249690953558
Mahe W Granite,42,69.8710130170905,59.72655996670585,10.144453050384655
Mahe W Granite,43,69.964041582973,60.26069191729908,9.703349665673919
Mahe W Granite,44,70.0451080392459,60.794823867892305,9.250284171353599
Mahe W Granite,45,70.1167021829372,61.32895581848553,8.787746364451671
Mahe W Granite,46,70.1797078649582,61.86308776907876,8.316620095879443
Mahe W Granite,47,70.2357999274202,62.39721971967199,7.838580207748215
Mahe W Granite,48,70.2848070730197,62.931351670265215,7.353455402754491
Mahe W Granite,49,70.3274586154262,63.46548362085844,6.861974994567753
Mahe W Granite,50,70.3639411845705,63.99961557145167,6.364325613118837
Mahe W Granite,51,70.3959741968054,64.53374752204489,5.862226674760507
Mahe W Granite,52,70.4245071484713,65.06787947263813,5.356627675833181
Mahe W Granite,53,70.449492497532,65.60201142323135,4.84748107430066
Mahe W Granite,54,70.4713696566657,66.13614337382458,4.33522628284112
Mahe W Granite,55,70.4905240039542,66.6702753244178,3.8202486795364052
Mahe W Granite,56,70.5072934355863,67.20440727501102,3.3028861605752837
Mahe W Granite,57,70.5219559684973,67.73853922560426,2.7834167428930385
Mahe W Granite,58,70.5346902526549,68.27267117619748,2.2620190764574204
Mahe W Granite,59,70.5459243563122,68.80680312679071,1.739121229521487
Mahe W Granite,60,70.5558078346278,69.34093507738393,1.2148727572438673
Mahe W Granite,61,70.5644478825887,69.87506702797717,0.6893808546115281
Mahe W Granite,62,70.5719786169232,70.40919897857039,0.1627796383528164
Mahe W Granite,63,70.5786052021467,70.94333092916362,0.36472572701691774
Mahe W Granite,64,70.5844169437947,71.47746287975684,0.8930459359621494
Mahe W Granite,65,70.5895009588268,72.01159483035008,1.4220938715232734
Mahe W Granite,66,70.5939347455716,72.5457267809433,1.951792035371696
Mahe W Granite,67,70.5978122424999,73.07985873153652,2.4820464890366196
Mahe W Granite,68,70.6012058862252,73.61399068212975,3.012784795904551
Mahe W Granite,69,70.6041665907006,74.14812263272297,3.543956042022373
Mahe W Granite,70,70.6067528855005,74.68225458331621,4.07550169781571
Mahe W Granite,71,70.6090181658706,75.21638653390943,4.607368368038834
Mahe W Granite,72,70.6110022638133,75.75051848450266,5.139516220689359
Mahe W Granite,73,70.6127400719398,76.28465043509588,5.671910363156087
Mahe W Granite,74,70.6142621552696,76.81878238568912,6.204520230419519
Mahe W Granite,75,70.6155952874173,77.35291433628234,6.737319048865032
Mahe W Granite,76,70.6167629204758,77.88704628687557,7.270283366399781
Mahe W Granite,77,70.6177855967618,78.4211782374688,7.8033926407069885
Mahe W Granite,78,70.6186813095964,78.95531018806201,8.336628878465618
Mahe W Granite,79,70.6194658194104,79.48944213865525,8.869976319244856
Mahe W Granite,80,70.6201529306922,80.02357408924847,9.40342115855627
Mahe W Granite,81,70.6207547346202,80.5577060398417,9.936951305221498
Mahe W Granite,82,70.6212818216224,81.09183799043493,10.470556168812521
Mahe W Granite,83,70.6217434675847,81.62596994102816,11.004226473443467
Mahe W Granite,84,70.6221478680097,82.16010189162138,11.537954023611675
Mahe W Granite,85,70.6225040732534,82.6942338422146,12.071729768961205
Mahe W Granite,86,70.6228157926063,83.22836579280784,12.605550000201532
Mahe W Granite,87,70.6230885816093,83.76249774340107,13.139409161791775
Mahe W Granite,88,70.6233273020655,84.29662969399429,13.673302391928786
Mahe W Granite,89,70.6235362086566,84.83076164458751,14.207225435930908
Mahe W Granite,90,70.6237190247465,85.36489359518075,14.74117457043424
Mahe W Granite,91,70.6238790087245,85.89902554577397,15.275146537049466
Mahe W Granite,92,70.6240190120648,86.4331574963672,15.809138484302395
Mahe W Granite,93,70.6241415301385,86.96728944696042,16.34314791682192
Mahe W Granite,94,70.6242487466819,87.50142139755366,16.877172650871756
Mahe W Granite,95,70.6243425727122,88.03555334814688,17.411210775434682
Mahe W Granite,96,70.6244246805847,88.5696852987401,17.9452606181554
Mahe W Granite,97,70.6244965337968,89.10381724933333,18.47932071553653
Mahe W Granite,98,70.6245594130711,89.63794919992657,19.01338978685547
Mahe W Granite,99,70.6246144391808,90.17208115051979,19.547466711338984
Mahe W Patch,0,23.1555355592099,39.659244717212395,16.503709158002497
Mahe W Patch,1,24.4519607886653,40.18816356898817,15.736202780322873
Mahe W Patch,2,25.7202975493551,40.71708242076396,14.99678487140886
Mahe W Patch,3,27.0748494535405,41.24600127253974,14.171151818999242
Mahe W Patch,4,28.5376257416257,41.77492012431553,13.237294382689829
Mahe W Patch,5,30.0443253682533,42.303838976091306,12.259513607838006
Mahe W Patch,6,31.4662595414235,42.832757827867084,11.366498286443584
Mahe W Patch,7,32.9710212345035,43.36167667964287,10.390655445139366
Mahe W Patch,8,34.5124945493943,43.890595531418654,9.378100982024357
Mahe W Patch,9,36.0717236792726,44.41951438319444,8.347790703921838
Mahe W Patch,10,37.6550742268085,44.948433234970224,7.293359008161723
Mahe W Patch,11,39.2655357267809,45.477352086746,6.2118163599651055
Mahe W Patch,12,40.8246812304984,46.00627093852178,5.181589708023381
Mahe W Patch,13,42.3505099334054,46.535189790297565,4.184679856892167
Mahe W Patch,14,43.9437992679221,47.06410864207335,3.1203093741512475
Mahe W Patch,15,45.5026989380378,47.59302749384913,2.0903285558113254
Mahe W Patch,16,47.0418905817018,48.12194634562491,1.080055763923113
Mahe W Patch,17,48.5123292963112,48.65086519740069,0.1385359010894902
Mahe W Patch,18,49.9291376735376,49.179784049176476,0.7493536243611274
Mahe W Patch,19,51.3384919230253,49.70870290095226,1.6297890220730409
Mahe W Patch,20,52.7445947182948,50.23762175272804,2.50697296556676
Mahe W Patch,21,54.0323566307254,50.766540604503824,3.2658160262215787
Mahe W Patch,22,55.3374688920687,51.2954594562796,4.042009435789097
Mahe W Patch,23,56.5180548938891,51.82437830805539,4.693676585833714
Mahe W Patch,24,57.6553654018851,52.35329715983117,5.302068242053927
Mahe W Patch,25,58.7540589901494,52.88221601160695,5.871842978542453
Mahe W Patch,26,59.8271142622664,53.411134863382735,6.415979398883664
Mahe W Patch,27,60.7992266977354,53.94005371515851,6.859172982576887
Mahe W Patch,28,61.7510922372028,54.4689725669343,7.2821196702685
Mahe W Patch,29,62.6487359830239,54.99789141871008,7.6508445643138145
Mahe W Patch,30,63.4978963527636,55.52681027048586,7.971086082277736
Mahe W Patch,31,64.2775914680052,56.055729122261646,8.221862345743553
Mahe W Patch,32,65.0382599886297,56.58464797403742,8.45361201459228
Mahe W Patch,33,65.718776858947,57.11356682581321,8.605210033133787
Mahe W Patch,34,66.3724345396557,57.642485677588994,8.729948862066706
Mahe W Patch,35,66.9782611557689,58.17140452936478,8.806856626404127
Mahe W Patch,36,67.5289626912124,58.70032338114056,8.828639310071843
Mahe W Patch,37,68.040310736066,59.22924223291634,8.811068503149663
Mahe W Patch,38,68.5159896280481,59.75816108469212,8.757828543355984
Mahe W Patch,39,68.9567963664622,60.287079936467904,8.669716429994295
Mahe W Patch,40,69.3722352612385,60.81599878824369,8.556236472994811
Mahe W Patch,41,69.7550850109204,61.34491764001947,8.410167370900929
Mahe W Patch,42,70.1103836292446,61.87383649179525,8.236547137449342
Mahe W Patch,43,70.4398509090034,62.40275534357103,8.037095565432367
Mahe W Patch,44,70.7467096639629,62.931674195346815,7.815035468616088
Mahe W Patch,45,71.0366181735322,63.4605930471226,7.576025126409604
Mahe W Patch,46,71.3035225986028,63.98951189889838,7.3140106997044185
Mahe W Patch,47,71.5473111895798,64.51843075067416,7.028880438905645
Mahe W Patch,48,71.7723906852183,65.04734960244994,6.725041082768357
Mahe W Patch,49,71.9800977055639,65.57626845422573,6.4038292513381805
Mahe W Patch,50,72.171688861595,66.10518730600151,6.06650155559349
Mahe W Patch,51,72.3483430344463,66.6341061577773,5.7142368766690055
Mahe W Patch,52,72.5111640560922,67.16302500955307,5.348139046539131
Mahe W Patch,53,72.6611836844935,67.69194386132885,4.969239823164642
Mahe W Patch,54,72.7993647827676,68.22086271310464,4.57850206966296
Mahe W Patch,55,72.9266046267002,68.74978156488042,4.176823061819775
Mahe W Patch,56,73.0437382779364,69.2787004166562,3.7650378612801916
Mahe W Patch,57,73.1529178187301,69.80761926843198,3.345298550298125
Mahe W Patch,58,73.2536517500084,70.33653812020776,2.917113629800639
Mahe W Patch,59,73.3461845983758,70.86545697198355,2.4807276263922518
Mahe W Patch,60,73.4303163475796,71.39437582375933,2.0359405238202726
Mahe W Patch,61,73.5075151406699,71.92329467553512,1.584220465134777
Mahe W Patch,62,73.578465577291,72.4522135273109,1.1262520499800956
Mahe W Patch,63,73.6436637710519,72.98113237908667,0.6625313919652314
Mahe W Patch,64,73.7034525586625,73.51005123086246,0.19340132780004637
Mahe W Patch,65,73.7574174317221,74.03897008263824,0.2815526509161401
Mahe W Patch,66,73.8067464404957,74.56788893441403,0.761142493918328
Mahe W Patch,67,73.8521611377705,75.0968077861898,1.2446466484193053
Mahe W Patch,68,73.8939681324949,75.62572663796558,1.7317585054706797
Mahe W Patch,69,73.9324506346417,76.15464548974137,2.222194855099673
Mahe W Patch,70,73.9678701449934,76.68356434151715,2.7156941965237564
Mahe W Patch,71,74.0006359953993,77.21248319329294,3.2118471978936327
Mahe W Patch,72,74.0314173473724,77.74140204506872,3.7099846976963278
Mahe W Patch,73,74.0596769684725,78.2703208968445,4.210643928371994
Mahe W Patch,74,74.0856199423028,78.79923974862028,4.713619806317482
Mahe W Patch,75,74.1094349163151,79.32815860039607,5.21872368408097
Mahe W Patch,76,74.1312953802056,79.85707745217185,5.72578207196625
Mahe W Patch,77,74.1512082083338,80.38599630394764,6.234788095613837
Mahe W Patch,78,74.1693344723313,80.9149151557234,6.745580683392106
Mahe W Patch,79,74.1859961023375,81.44383400749919,7.2578379051616935
Mahe W Patch,80,74.2013108952791,81.97275285927498,7.771441963995883
Mahe W Patch,81,74.2155549476884,82.50167171105076,8.286116763362358
Mahe W Patch,82,74.2286580597223,83.03059056282655,8.80193250310424
Mahe W Patch,83,74.2406859480854,83.55950941460233,9.318823466516932
Mahe W Patch,84,74.2517265795634,84.08842826637812,9.83670168681472
Mahe W Patch,85,74.2618607671441,84.61734711815389,10.355486351009787
Mahe W Patch,86,74.2711627448963,85.14626596992967,10.87510322503337
Mahe W Patch,87,74.2797120427867,85.67518482170546,11.395472778918759
Mahe W Patch,88,74.2876228347165,86.20410367348123,11.916480838764727
Mahe W Patch,89,74.2948672578574,86.73302252525701,12.438155267399608
Mahe W Patch,90,74.3014509739643,87.2619413770328,12.960490403068505
Mahe W Patch,91,74.3074941804306,87.79086022880858,13.483366048377988
Mahe W Patch,92,74.3130411856274,88.31977908058437,14.00673789495697
Mahe W Patch,93,74.3181326763556,88.84869793236015,14.53056525600455
Mahe W Patch,94,74.3228060121694,89.37761678413594,15.054810771966544
Mahe W Patch,95,74.3270954960479,89.90653563591171,15.579440139863806
Mahe W Patch,96,74.3310326232735,90.4354544876875,16.104421864413993
Mahe W Patch,97,74.3346463102346,90.96437333946328,16.629727029228675
Mahe W Patch,98,74.337963104744,91.49329219123906,17.15532908649506
Mahe W Patch,99,74.3410073793383,92.02221104301483,17.68120366367654
Praslin NE Granite,0,6.58502875251804,39.55161493232326,32.96658617980522
Praslin NE Granite,1,9.17643241799272,40.086857793021295,30.910425375028574
Praslin NE Granite,2,12.5698974318863,40.622100653719336,28.052203221833036
Praslin NE Granite,3,16.6242239665062,41.15734351441738,24.533119547911177
Praslin NE Granite,4,21.3800413204187,41.69258637511541,20.31254505469671
Praslin NE Granite,5,26.8409633375691,42.227829235813445,15.386865898244345
Praslin NE Granite,6,32.6212469905929,42.76307209651148,10.141825105918578
Praslin NE Granite,7,38.576422494424,43.29831495720952,4.721892462785519
Praslin NE Granite,8,44.4360812060845,43.833557817907554,0.6025233881769481
Praslin NE Granite,9,49.8908724093198,44.368800678605595,5.522071730714202
Praslin NE Granite,10,54.8634710303205,44.90404353930363,9.959427491016868
Praslin NE Granite,11,59.3521676844117,45.43928640000166,13.912881284410034
Praslin NE Granite,12,63.155105246163,45.9745292606997,17.1805759854633
Praslin NE Granite,13,66.4128033748442,46.509772121397745,19.903031253446457
Praslin NE Granite,14,69.1586666621667,47.04501498209578,22.113651680070916
Praslin NE Granite,15,71.4169985275819,47.58025784279381,23.836740684788083
Praslin NE Granite,16,73.2763692498269,48.11550070349185,25.160868546335053
Praslin NE Granite,17,74.7898238157247,48.65074356418989,26.139080251534814
Praslin NE Granite,18,76.0035273529111,49.18598642488792,26.817540928023185
Praslin NE Granite,19,76.9649252654803,49.72122928558596,27.24369597989434
Praslin NE Granite,20,77.7366471968085,50.256472146284,27.480175050524508
Praslin NE Granite,21,78.3503853624793,50.79171500698203,27.55867035549727
Praslin NE Granite,22,78.8417943572182,51.326957867680065,27.51483648953814
Praslin NE Granite,23,79.2260031810692,51.862200728378106,27.363802452691097
Praslin NE Granite,24,79.5370117356533,52.39744358907614,27.139568146577155
Praslin NE Granite,25,79.7807738638584,52.93268644977418,26.84808741408422
Praslin NE Granite,26,79.9723013615768,53.467929310472215,26.504372051104582
Praslin NE Granite,27,80.1225516954163,54.00317217117025,26.119379524246057
Praslin NE Granite,28,80.2422085314217,54.53841503186829,25.703793499553406
Praslin NE Granite,29,80.335889020552,55.073657892566324,25.26223112798568
Praslin NE Granite,30,80.4097736981265,55.608900753264365,24.800872944862135
Praslin NE Granite,31,80.4683181865943,56.1441436139624,24.324174572631904
Praslin NE Granite,32,80.5147151586778,56.67938647466043,23.83532868401737
Praslin NE Granite,33,80.5513017110893,57.214629335358474,23.33667237573082
Praslin NE Granite,34,80.580187846893,57.74987219605651,22.83031565083649
Praslin NE Granite,35,80.6032287698904,58.28511505675455,22.31811371313586
Praslin NE Granite,36,80.6212413862006,58.82035791745258,21.80088346874801
Praslin NE Granite,37,80.6354196534212,59.35560077815062,21.27981887527058
Praslin NE Granite,38,80.6464923962062,59.89084363884866,20.75564875735754
Praslin NE Granite,39,80.6552201608603,60.42608649954669,20.229133661313604
Praslin NE Granite,40,80.6620948218357,60.96132936024473,19.70076546159096
Praslin NE Granite,41,80.6675235083862,61.49657222094277,19.17095128744343
Praslin NE Granite,42,80.6717923100959,62.0318150816408,18.639977228455095
Praslin NE Granite,43,80.6751489909605,62.56705794233884,18.108091048621652
Praslin NE Granite,44,80.677781337377,63.102300803036876,17.575480534340123
Praslin NE Granite,45,80.6798477092304,63.63754366373492,17.042304045495484
Praslin NE Granite,46,80.6814747510332,64.17278652443295,16.508688226600256
Praslin NE Granite,47,80.6827558606455,64.70802938513098,15.974726475514515
Praslin NE Granite,48,80.6837630343696,65.24327224582902,15.440490788540586
Praslin NE Granite,49,80.6845575460907,65.77851510652707,14.906042439563635
Praslin NE Granite,50,80.6851875429267,66.3137579672251,14.371429575701598
Praslin NE Granite,51,80.685681664612,66.84900082792313,13.83668083668887
Praslin NE Granite,52,80.6860673097663,67.38424368862117,13.301823621145132
Praslin NE Granite,53,80.6863711635972,67.9194865493192,12.766884614277998
Praslin NE Granite,54,80.6866105732876,68.45472941001725,12.231881163270344
Praslin NE Granite,55,80.6867992068706,68.98997227071528,11.696826936155318
Praslin NE Granite,56,80.6869482027737,69.52521513141332,11.161733071360388
Praslin NE Granite,57,80.6870655306003,70.06045799211135,10.62660753848894
Praslin NE Granite,58,80.6871579031474,70.59570085280939,10.091457050338008
Praslin NE Granite,59,80.6872305794308,71.13094371350743,9.556286865923369
Praslin NE Granite,60,80.6872878161076,71.66618657420547,9.02110124190213
Praslin NE Granite,61,80.6873328932174,72.2014294349035,8.4859034583139
Praslin NE Granite,62,80.6873683939799,72.73667229560154,7.950696098378359
Praslin NE Granite,63,80.6873963528287,73.27191515629957,7.415481196529129
Praslin NE Granite,64,80.6874183376569,73.80715801699762,6.880260320659275
Praslin NE Granite,65,80.6874356388861,74.34240087769565,6.345034761190448
Praslin NE Granite,66,80.6874492975003,74.87764373839369,5.809805559106607
Praslin NE Granite,67,80.6874600581253,75.41288659909172,5.274573459033576
Praslin NE Granite,68,80.6874685349921,75.94812945978975,4.739339075202352
Praslin NE Granite,69,80.687475212794,76.48337232048779,4.20410289230621
Praslin NE Granite,70,80.6874804733548,77.01861518118584,3.6688652921689595
Praslin NE Granite,71,80.6874846174609,77.55385804188387,3.1336265755770256
Praslin NE Granite,72,80.6874878820611,78.0891009025819,2.5983869794792014
Praslin NE Granite,73,80.6874904538157,78.62434376327994,2.06314669053576
Praslin NE Granite,74,80.6874924824035,79.15958662397797,1.5279058584255267
Praslin NE Granite,75,80.6874940840003,79.69482948467602,0.9926645993242857
Praslin NE Granite,76,80.6874953443826,80.23007234537405,0.4574229990085428
Praslin NE Granite,77,80.6874963362449,80.76531520607209,0.07781886982718333
Praslin NE Granite,78,80.6874971167945,81.30055806677012,0.613060949975619
Praslin NE Granite,79,80.6874977310508,81.83580092746816,1.1483031964173591
Praslin NE Granite,80,80.687498214442,82.37104378816619,1.6835455737241887
Praslin NE Granite,81,80.6874985948484,82.90628664886424,2.218788054015832
Praslin NE Granite,82,80.6874988942108,83.44152950956227,2.7540306153514678
Praslin NE Granite,83,80.687499129795,83.9767723702603,3.289273240465306
Praslin NE Granite,84,80.6874993151889,84.51201523095835,3.824515915769453
Praslin NE Granite,85,80.6874994610853,85.04725809165639,4.359758630571093
Praslin NE Granite,86,80.687499575899,85.58250095235442,4.895001376455426
Praslin NE Granite,87,80.687499666252,86.11774381305246,5.430244146800462
Praslin NE Granite,88,80.6874997373558,86.65298667375049,5.965486936394697
Praslin NE Granite,89,80.6874997933111,87.18822953444854,6.500729741137434
Praslin NE Granite,90,80.6874998373453,87.72347239514657,7.035972557801273
Praslin NE Granite,91,80.6874998719983,88.2587152558446,7.571215383846308
Praslin NE Granite,92,80.6874998992685,88.79395811654264,8.106458217274138
Praslin NE Granite,93,80.687499920729,89.32920097724067,8.641701056511678
Praslin NE Granite,94,80.6874999376173,89.86444383793872,9.176943900321419
Praslin NE Granite,95,80.6874999509077,90.39968669863674,9.712186747729035
Praslin NE Granite,96,80.6874999613666,90.93492955933479,10.247429597968193
Praslin NE Granite,97,80.6874999695973,91.47017242003282,10.782672450435527
Praslin NE Granite,98,80.6874999760744,92.00541528073086,11.317915304656452
Praslin NE Granite,99,80.6874999811717,92.54065814142889,11.853158160257195
Praslin NE Patch,0,4.94274426874074,47.64227588032917,42.699531611588434
Praslin NE Patch,1,5.47669770607232,48.13739487443496,42.66069716836264
Praslin NE Patch,2,6.0554309010188,48.632513868540755,42.57708296752195
Praslin NE Patch,3,6.70918952951252,49.12763286264655,42.41844333313403
Praslin NE Patch,4,7.42598686356029,49.62275185675234,42.19676499319205
Praslin NE Patch,5,8.20818354957789,50.117870850858125,41.909687301280236
Praslin NE Patch,6,9.07218363352852,50.61298984496392,41.5408062114354
Praslin NE Patch,7,9.95510473337391,51.108108839069715,41.15300410569581
Praslin NE Patch,8,10.9424996424323,51.6032278331755,40.6607281907432
Praslin NE Patch,9,12.0100973932535,52.09834682728129,40.08824943402779
Praslin NE Patch,10,13.088010134267,52.593465821387085,39.50545568712008
Praslin NE Patch,11,14.2678478904539,53.08858481549288,38.82073692503898
Praslin NE Patch,12,15.5102057767055,53.58370380959867,38.07349803289317
Praslin NE Patch,13,16.8663726816075,54.07882280370446,37.21245012209696
Praslin NE Patch,14,18.2820243688725,54.57394179781025,36.29191742893775
Praslin NE Patch,15,19.7257312065892,55.069060791916044,35.34332958532684
Praslin NE Patch,16,21.2017508142193,55.56417978602184,34.362428971802544
Praslin NE Patch,17,22.7086718015915,56.05929878012763,33.35062697853613
Praslin NE Patch,18,24.3432517108146,56.554417774233414,32.211166063418815
Praslin NE Patch,19,26.0447296879646,57.04953676833921,31.004807080374608
Praslin NE Patch,20,27.7172000110104,57.544655762445004,29.827455751434602
Praslin NE Patch,21,29.4279502718834,58.03977475655079,28.61182448466739
Praslin NE Patch,22,31.1726450732339,58.534893750656586,27.362248677422684
Praslin NE Patch,23,32.9153790740319,59.030012744762374,26.114633670730477
Praslin NE Patch,24,34.6899607900474,59.52513173886817,24.835170948820767
Praslin NE Patch,25,36.4375029811426,60.020250732973956,23.582747751831356
Praslin NE Patch,26,38.1990609812513,60.51536972707975,22.31630874582845
Praslin NE Patch,27,39.9448967936836,61.01048872118554,21.06559192750194
Praslin NE Patch,28,41.6581812545855,61.50560771529133,19.847426460705833
Praslin NE Patch,29,43.3801628105621,62.00072670939712,18.620563898835023
Praslin NE Patch,30,45.0834793630742,62.495845703502916,17.41236634042872
Praslin NE Patch,31,46.7671101277836,62.9909646976087,16.2238545698251
Praslin NE Patch,32,48.4187727309455,63.4860836917145,15.067310960769
Praslin NE Patch,33,50.006362226331,63.981202685820286,13.974840459489286
Praslin NE Patch,34,51.5630385533471,64.47632167992607,12.913283126578975
Praslin NE Patch,35,53.0813678452707,64.97144067403187,11.89007282876117
Praslin NE Patch,36,54.5609701553921,65.46655966813766,10.905589512745564
Praslin NE Patch,37,55.9696532332064,65.96167866224346,9.992025429037056
Praslin NE Patch,38,57.3336888098714,66.45679765634924,9.123108846477841
Praslin NE Patch,39,58.6514007342746,66.95191665045503,8.30051591618043
Praslin NE Patch,40,59.9335820728444,67.44703564456083,7.5134535717164255
Praslin NE Patch,41,61.1397099839394,67.94215463866662,6.802444654727225
Praslin NE Patch,42,62.2922500427531,68.4372736327724,6.145023590019299
Praslin NE Patch,43,63.3879175937579,68.9323926268782,5.5444750331203
Praslin NE Patch,44,64.4397261098134,69.42751162098399,4.9877855111705856
Praslin NE Patch,45,65.4419305093503,69.92263061508979,4.480700105739487
Praslin NE Patch,46,66.3955562961774,70.41774960919557,4.022193313018164
Praslin NE Patch,47,67.3097985338232,70.91286860330136,3.6030700694781643
Praslin NE Patch,48,68.1774864888149,71.40798759740716,3.23050110859225
Praslin NE Patch,49,68.9996758323795,71.90310659151295,2.9034307591334567
Praslin NE Patch,50,69.7699530657571,72.39822558561875,2.6282725198616532
Praslin NE Patch,51,70.493979110027,72.89334457972453,2.3993654696975284
Praslin NE Patch,52,71.1777765350833,73.38846357383032,2.210687038747025
Praslin NE Patch,53,71.8321026111536,73.88358256793612,2.051479956782515
Praslin NE Patch,54,72.4492983690734,74.37870156204191,1.9294031929685076
Praslin NE Patch,55,73.0310161978417,74.87382055614769,1.8428043583059974
Praslin NE Patch,56,73.572000804078,75.36893955025349,1.7969387461754849
Praslin NE Patch,57,74.083466855657,75.86405854435928,1.7805916887022875
Praslin NE Patch,58,74.5740019792539,76.35917753846508,1.7851755592111829
Praslin NE Patch,59,75.0350708518607,76.85429653257086,1.8192256807101614
Praslin NE Patch,60,75.4638102455497,77.34941552667665,1.8856052811269564
Praslin NE Patch,61,75.8660092110948,77.84453452078245,1.9785253096876403
Praslin NE Patch,62,76.2434856914428,78.33965351488824,2.096167823445441
Praslin NE Patch,63,76.5981532760731,78.83477250899404,2.23661923292093
Praslin NE Patch,64,76.9308871196239,79.32989150309982,2.399004383475912
Praslin NE Patch,65,77.2427099670429,79.82501049720561,2.582300530162712
Praslin NE Patch,66,77.5348272098233,80.3201294913114,2.7853022814881
Praslin NE Patch,67,77.8069478877282,80.8152484854172,3.0083005976890007
Praslin NE Patch,68,78.061262745512,81.31036747952298,3.2491047340109844
Praslin NE Patch,69,78.3007948469877,81.80548647362878,3.504691626641076
Praslin NE Patch,70,78.5248185449227,82.30060546773457,3.775786922811875
Praslin NE Patch,71,78.7343999152013,82.79572446184036,4.061324546639071
Praslin NE Patch,72,78.9304212304415,83.29084345594615,4.360422225504649
Praslin NE Patch,73,79.1137172437118,83.78596245005194,4.672245206340136
Praslin NE Patch,74,79.2850768893597,84.28108144415773,4.996004554798034
Praslin NE Patch,75,79.4452450500418,84.77620043826352,5.33095538822171
Praslin NE Patch,76,79.594924364999,85.27131943236931,5.676395067370308
Praslin NE Patch,77,79.7347770583882,85.7664384264751,6.031661368086901
Praslin NE Patch,78,79.8654267698444,86.2615574205809,6.396130650736495
Praslin NE Patch,79,79.9874603723984,86.7566764146867,6.769216042288292
Praslin NE Patch,80,80.1014297654823,87.25179540879247,7.150365643310181
Praslin NE Patch,81,80.207853633035,87.74691440289827,7.539060769863269
Praslin NE Patch,82,80.3072191586994,88.24203339700406,7.934814238304668
Praslin NE Patch,83,80.3999836918208,88.73715239110984,8.337168699289052
Praslin NE Patch,84,80.486576359442,89.23227138521565,8.745695025773657
Praslin NE Patch,85,80.5673996207566,89.72739037932143,9.159990758564831
Praslin NE Patch,86,80.6428307615659,90.22250937342723,9.579678611861326
Praslin NE Patch,87,80.713186625755,90.71762836753302,10.004441741778024
Praslin NE Patch,88,80.7785622765076,91.2127473616388,10.434185085131205
Praslin NE Patch,89,80.8395824957466,91.7078663557446,10.868283859998002
Praslin NE Patch,90,80.8965333825256,92.2029853498504,11.30645196732479
Praslin NE Patch,91,80.9496827733534,92.69810434395617,11.748421570602773
Praslin NE Patch,92,80.9992813382245,93.19322333806198,12.193941999837477
Praslin NE Patch,93,81.0457869396925,93.68834233216776,12.64255539247526
Praslin NE Patch,94,81.0892567304987,94.18346132627356,13.094204595774855
Praslin NE Patch,95,81.1297954684566,94.67858032037935,13.548784851922747
Praslin NE Patch,96,81.1675989990681,95.17369931448513,14.00610031541703
Praslin NE Patch,97,81.2027036596459,95.66881830859094,14.466114648945037
Praslin NE Patch,98,81.2354016302102,96.16393730269672,14.928535672486518
Praslin NE Patch,99,81.2659044466735,96.6590562968025,15.393151850129001
Praslin SW Granite,0,6.20839871287671,39.761849702084945,33.55345098920824
Praslin SW Granite,1,8.02697185789799,40.27573422577851,32.248762367880516
Praslin SW Granite,2,10.2876302883081,40.78961874947207,30.50198846116397
Praslin SW Granite,3,13.077698492727,41.303503273165646,28.225804780438644
Praslin SW Granite,4,16.3548789193201,41.81738779685921,25.462508877539108
Praslin SW Granite,5,20.1118601888118,42.33127232055277,22.21941213174097
Praslin SW Granite,6,24.3140060174659,42.84515684424633,18.531150826780433
Praslin SW Granite,7,28.9965272320497,43.35904136793991,14.362514135890208
Praslin SW Granite,8,33.9685230191098,43.87292589163347,9.904402872523669
Praslin SW Granite,9,39.297874840439,44.386810415327034,5.088935574888033
Praslin SW Granite,10,44.5055341222511,44.900694939020596,0.3951608167694971
Praslin SW Granite,11,49.7290929670095,45.41457946271417,4.314513504295327
Praslin SW Granite,12,54.8869337015592,45.928463986407735,8.958469715151466
Praslin SW Granite,13,59.843823906259,46.4423485101013,13.4014753961577
Praslin SW Granite,14,64.4238818593151,46.95623303379486,17.467648825520243
Praslin SW Granite,15,68.6800343567635,47.470117557488436,21.209916799275064
Praslin SW Granite,16,72.6398333786343,47.984002081182,24.655831297452295
Praslin SW Granite,17,76.2015915173372,48.49788660487556,27.703704912461646
Praslin SW Granite,18,79.3723488712683,49.01177112856912,30.360577742699178
Praslin SW Granite,19,82.1945211815248,49.5256556522627,32.668865529262106
Praslin SW Granite,20,84.6841981023509,50.03954017595626,34.64465792639464
Praslin SW Granite,21,86.8999722432434,50.553424699649824,36.34654754359357
Praslin SW Granite,22,88.7881555774749,51.06730922334339,37.7208463541315
Praslin SW Granite,23,90.432786005089,51.581193747036956,38.851592258052044
Praslin SW Granite,24,91.8505580420201,52.095078270730525,39.75547977128957
Praslin SW Granite,25,93.0624957709558,52.60896279442409,40.45353297653172
Praslin SW Granite,26,94.101810308845,53.12284731811765,40.978962990727354
Praslin SW Granite,27,94.9831705572233,53.63673184181122,41.346438715412084
Praslin SW Granite,28,95.7512834422024,54.15061636550479,41.60066707669762
Praslin SW Granite,29,96.3897475313931,54.66450088919835,41.72524664219475
Praslin SW Granite,30,96.9431901663128,55.17838541289192,41.76480475342088
Praslin SW Granite,31,97.4222788692877,55.69226993658548,41.73000893270221
Praslin SW Granite,32,97.8229779577516,56.20615446027905,41.61682349747255
Praslin SW Granite,33,98.1605621223132,56.720038983972614,41.44052313834058
Praslin SW Granite,34,98.442088535927,57.233923507666184,41.208165028260815
Praslin SW Granite,35,98.6835359957951,57.74780803135975,40.935727964435344
Praslin SW Granite,36,98.8867271424359,58.261692555053315,40.625034587382586
Praslin SW Granite,37,99.0599284217944,58.77557707874688,40.28435134304752
Praslin SW Granite,38,99.2070150207252,59.28946160244045,39.91755341828475
Praslin SW Granite,39,99.3314132653031,59.80334612613402,39.52806713916908
Praslin SW Granite,40,99.4352133888514,60.31723064982758,39.117982739023816
Praslin SW Granite,41,99.5239545588766,60.83111517352114,38.692839385355455
Praslin SW Granite,42,99.598987433515,61.34499969721471,38.253987736300296
Praslin SW Granite,43,99.6617501276933,61.85888422090828,37.802865906785016
Praslin SW Granite,44,99.7144222368054,62.37276874460184,37.34165349220356
Praslin SW Granite,45,99.7590586688167,62.88665326829541,36.872405400521295
Praslin SW Granite,46,99.7967865770485,63.400537791988974,36.39624878505952
Praslin SW Granite,47,99.8286136512189,63.91442231568254,35.91419133553636
Praslin SW Granite,48,99.8555529050129,64.4283068393761,35.427246065636794
Praslin SW Granite,49,99.878295358724,64.94219136306967,34.936103995654335
Praslin SW Granite,50,99.8972905121604,65.45607588676324,34.44121462539715
Praslin SW Granite,51,99.9131629626077,65.9699604104568,33.94320255215089
Praslin SW Granite,52,99.9266068950466,66.48384493415037,33.442761960896235
Praslin SW Granite,53,99.9380443434549,66.99772945784393,32.940314885610974
Praslin SW Granite,54,99.9477192278133,67.51161398153751,32.43610524627579
Praslin SW Granite,55,99.9559098736865,68.02549850523107,31.930411368455424
Praslin SW Granite,56,99.9628254604131,68.53938302892463,31.423442431488468
Praslin SW Granite,57,99.9686532109168,69.0532675526182,30.915385658298604
Praslin SW Granite,58,99.9735119964406,69.56715207631177,30.406359920128835
Praslin SW Granite,59,99.9776177225289,70.08103660000533,29.89658112252357
Praslin SW Granite,60,99.9810870817553,70.5949211236989,29.38616595805641
Praslin SW Granite,61,99.9840439543554,71.10880564739247,28.875238306962927
Praslin SW Granite,62,99.9865434678984,71.62269017108603,28.363853296812366
Praslin SW Granite,63,99.9886598576879,72.1365746947796,27.85208516290831
Praslin SW Granite,64,99.9904433994173,72.65045921847316,27.339984180944143
Praslin SW Granite,65,99.9919464363401,73.16434374216674,26.827602694173365
Praslin SW Granite,66,99.9932033239421,73.6782282658603,26.3149750580818
Praslin SW Granite,67,99.994267549954,74.19211278955386,25.802154760400143
Praslin SW Granite,68,99.9951699108827,74.70599731324742,25.28917259763527
Praslin SW Granite,69,99.9959338771649,75.219881836941,24.776052040223902
Praslin SW Granite,70,99.9965762899216,75.73376636063456,24.262809929287044
Praslin SW Granite,71,99.9971128476042,76.24765088432812,23.749461963276076
Praslin SW Granite,72,99.9975642192402,76.76153540802169,23.236028811218517
Praslin SW Granite,73,99.997944762424,77.27541993171526,22.722524830708736
Praslin SW Granite,74,99.9982658511715,77.78930445540882,22.20896139576267
Praslin SW Granite,75,99.9985367746103,78.30318897910239,21.695347795507914
Praslin SW Granite,76,99.9987652661409,78.81707350279595,21.181691763344944
Praslin SW Granite,77,99.9989584611459,79.33095802648953,20.668000434656378
Praslin SW Granite,78,99.9991219521768,79.84484255018309,20.154279401993705
Praslin SW Granite,79,99.999259779358,80.35872707387665,19.64053270548135
Praslin SW Granite,80,99.9993759713182,80.87261159757023,19.126764373747974
Praslin SW Granite,81,99.9994739242793,81.38649612126379,18.61297780301551
Praslin SW Granite,82,99.9995565013287,81.90038064495735,18.099175856371346
Praslin SW Granite,83,99.9996261161117,82.41426516865091,17.585360947460785
Praslin SW Granite,84,99.9996848033828,82.92814969234449,17.071535111038315
Praslin SW Granite,85,99.9997342784853,83.44203421603805,16.557700062447253
Praslin SW Granite,86,99.9997759874913,83.95591873973162,16.04385724775969
Praslin SW Granite,87,99.9998111494725,84.46980326342519,15.530007886047315
Praslin SW Granite,88,99.999840607032,84.98368778711875,15.016152819913245
Praslin SW Granite,89,99.9998654411779,85.49757231081232,14.502293130365587
Praslin SW Granite,90,99.9998864059285,86.01145683450588,13.988429571422628
Praslin SW Granite,91,99.9999041041907,86.52534135819946,13.47456274599125
Praslin SW Granite,92,99.9999190449278,87.03922588189302,12.960693163034776
Praslin SW Granite,93,99.9999316577967,87.55311040558658,12.446821252210114
Praslin SW Granite,94,99.9999423055068,88.06699492928014,11.932947376226664
Praslin SW Granite,95,99.9999512942509,88.5808794529737,11.419071841277201
Praslin SW Granite,96,99.9999588825125,89.09476397666728,10.90519490584522
Praslin SW Granite,97,99.9999653180731,89.60864850036084,10.391316817712251
Praslin SW Granite,98,99.9999707566521,90.1225330240544,9.877437732597699
Praslin SW Granite,99,99.9999753423906,90.63641754774797,9.363557794642631
Ste Anne Granite,0,12.7549952654898,52.8388788824677,40.0838836169779
Ste Anne Granite,1,13.5821920002244,53.327765371118765,39.74557337089436
Ste Anne Granite,2,14.499572475471,53.816651859769834,39.317079384298836
Ste Anne Granite,3,15.446181317067,54.30553834842091,38.85935703135391
Ste Anne Granite,4,16.3807287822029,54.794424837071986,38.413696054869085
Ste Anne Granite,5,17.3748449302038,55.283311325723055,37.908466395519255
Ste Anne Granite,6,18.4532635699222,55.772197814374124,37.318934244451924
Ste Anne Granite,7,19.563110037678,56.2610843030252,36.6979742653472
Ste Anne Granite,8,20.7119156409802,56.749970791676276,36.038055150696074
Ste Anne Granite,9,21.9502166992713,57.238857280327345,35.28864058105604
Ste Anne Granite,10,23.1953387084068,57.72774376897842,34.53240506057162
Ste Anne Granite,11,24.5059347534873,58.21663025762949,33.710695504142194
Ste Anne Granite,12,25.7859913629467,58.705516746280566,32.91952538333386
Ste Anne Granite,13,27.1842279882021,59.19440323493164,32.010175246729546
Ste Anne Granite,14,28.6160576806802,59.68328972358272,31.067232042902518
Ste Anne Granite,15,30.117715321223,60.172176212233786,30.054460891010788
Ste Anne Granite,16,31.6246372372063,60.66106270088486,29.03642546367856
Ste Anne Granite,17,33.1753907979598,61.14994918953593,27.97455839157613
Ste Anne Granite,18,34.7766230160796,61.63883567818701,26.86221266210741
Ste Anne Granite,19,36.3592512271883,62.12772216683808,25.76847093964978
Ste Anne Granite,20,37.9641462948821,62.61660865548915,24.652462360607053
Ste Anne Granite,21,39.6352957299014,63.10549514414023,23.470199414238827
Ste Anne Granite,22,41.3434367671912,63.5943816327913,22.250944865600097
Ste Anne Granite,23,43.0266663111218,64.08326812144237,21.056601810320572
Ste Anne Granite,24,44.77283605548,64.57215461009345,19.79931855461345
Ste Anne Granite,25,46.4570416244207,65.06104109874452,18.603999474323828
Ste Anne Granite,26,48.1655475764704,65.54992758739559,17.384380010925184
Ste Anne Granite,27,49.8408143153713,66.03881407604666,16.197999760675366
Ste Anne Granite,28,51.4870722383393,66.52770056469774,15.040628326358437
Ste Anne Granite,29,53.1486900398399,67.01658705334881,13.867897013508916
Ste Anne Granite,30,54.7878616398746,67.50547354199989,12.717611902125292
Ste Anne Granite,31,56.373733212531,67.99436003065095,11.620626818119952
Ste Anne Granite,32,57.9273151880531,68.48324651930203,10.555931331248928
Ste Anne Granite,33,59.4334867904114,68.9721330079531,9.538646217541704
Ste Anne Granite,34,60.9394807310793,69.46101949660418,8.52153876552488
Ste Anne Granite,35,62.414804763395,69.94990598525524,7.535101221860245
Ste Anne Granite,36,63.8751072407979,70.43879247390632,6.563685233108416
Ste Anne Granite,37,65.2891380959044,70.9276789625574,5.638540866652988
Ste Anne Granite,38,66.6931493680293,71.41656545120847,4.723416083179174
Ste Anne Granite,39,68.0793684384479,71.90545193985955,3.826083501411645
Ste Anne Granite,40,69.424990341339,72.39433842851061,2.9693480871716105
Ste Anne Granite,41,70.7292276446662,72.88322491716168,2.153997272495488
Ste Anne Granite,42,71.984828159819,73.37211140581276,1.387283245993757
Ste Anne Granite,43,73.1589034471975,73.86099789446384,0.7020944472663331
Ste Anne Granite,44,74.2917971155622,74.34988438311491,0.058087267552707544
Ste Anne Granite,45,75.3790254653221,74.83877087176597,0.5402545935561278
Ste Anne Granite,46,76.4556097613713,75.32765736041705,1.127952400954257
Ste Anne Granite,47,77.4855038630968,75.81654384906813,1.66896001402867
Ste Anne Granite,48,78.4809556104642,76.3054303377192,2.1755252727450056
Ste Anne Granite,49,79.4421906792861,76.79431682637028,2.647873852915822
Ste Anne Granite,50,80.3648965421595,77.28320331502135,3.081693227138146
Ste Anne Granite,51,81.2415652522258,77.77208980367242,3.469475448553382
Ste Anne Granite,52,82.078146340991,78.26097629232349,3.8171700486675064
Ste Anne Granite,53,82.8750164221333,78.74986278097457,4.125153641158732
Ste Anne Granite,54,83.6379546907527,79.23874926962564,4.39920542112705
Ste Anne Granite,55,84.3780918333859,79.7276357582767,4.65045607510919
Ste Anne Granite,56,85.087659366444,80.21652224692778,4.87113711951622
Ste Anne Granite,57,85.7648334443597,80.70540873557886,5.059424708780838
Ste Anne Granite,58,86.4051264623258,81.19429522422993,5.210831238095864
Ste Anne Granite,59,87.0162727305326,81.68318171288101,5.333091017651597
Ste Anne Granite,60,87.6049502135886,82.17206820153208,5.43288201205651
Ste Anne Granite,61,88.1625378733547,82.66095469018315,5.501583183171547
Ste Anne Granite,62,88.6931446871075,83.14984117883422,5.543303508273283
Ste Anne Granite,63,89.1978217870124,83.6387276674853,5.559094119527103
Ste Anne Granite,64,89.6776071366838,84.12761415613637,5.5499929805474295
Ste Anne Granite,65,90.1335221812343,84.61650064478744,5.517021536446862
Ste Anne Granite,66,90.5665689879054,85.10538713343851,5.461181854466886
Ste Anne Granite,67,90.977727837136,85.59427362208959,5.383454215046413
Ste Anne Granite,68,91.3679552249292,86.08316011074066,5.28479511418854
Ste Anne Granite,69,91.7381822387479,86.57204659939174,5.166135639356156
Ste Anne Granite,70,92.0895757843071,87.06093308804282,5.028642696264285
Ste Anne Granite,71,92.4227241103573,87.54981957669388,4.872904533663416
Ste Anne Granite,72,92.7384662621696,88.03870606534495,4.699760196824641
Ste Anne Granite,73,93.0376255415271,88.52759255399603,4.510032987531076
Ste Anne Granite,74,93.3209957660037,89.0164790426471,4.304516723356599
Ste Anne Granite,75,93.5893412256762,89.50536553129817,4.083975694378026
Ste Anne Granite,76,93.8433968008243,89.99425201994924,3.8491447808750507
Ste Anne Granite,77,94.0838682187408,90.48313850860032,3.6007297101404845
Ste Anne Granite,78,94.3114324297211,90.9720249972514,3.3394074324696987
Ste Anne Granite,79,94.5264021045155,91.46091148590247,3.065490618613026
Ste Anne Granite,80,94.7288162612143,91.94979797455353,2.779018286660772
Ste Anne Granite,81,94.9203283322033,92.43868446320461,2.481643868998688
Ste Anne Granite,82,95.1014940924441,92.92757095185569,2.173923140588414
Ste Anne Granite,83,95.2728444240692,93.41645744050675,1.8563869835624587
Ste Anne Granite,84,95.4348860438623,93.90534392915782,1.5295421147044834
Ste Anne Granite,85,95.5881022574702,94.3942304178089,1.1938718396612984
Ste Anne Granite,86,95.7329537324902,94.88311690645997,0.8498368260302271
Ste Anne Granite,87,95.8698792835431,95.37200339511105,0.49787588843204844
Ste Anne Granite,88,95.9992966633306,95.86088988376213,0.13840677956847003
Ste Anne Granite,89,96.121472697213,96.3497763724132,0.228303675200209
Ste Anne Granite,90,96.2362453135541,96.83866286106426,0.6024175475101714
Ste Anne Granite,91,96.3447320006823,97.32754934971534,0.9828173490330414
Ste Anne Granite,92,96.4472672375946,97.8164358383664,1.3691686007718005
Ste Anne Granite,93,96.54416877464,98.30532232701748,1.761153552377479
Ste Anne Granite,94,96.6357383518466,98.79420881566855,2.1584704638219563
Ste Anne Granite,95,96.7227679410356,99.28309530431963,2.5603273632840313
Ste Anne Granite,96,96.8051412422149,99.7719817929707,2.966840550755805
Ste Anne Granite,97,96.8829287338037,100.26086828162178,3.3779395478180874
Ste Anne Granite,98,96.956380586425,100.74975477027286,3.7933741838478596
Ste Anne Granite,99,97.0257338874291,101.23864125892392,4.212907371494822
Ste Anne Patch,0,7.52367516899622,54.734066069547794,47.21039090055157
Ste Anne Patch,1,9.21603536049044,55.25338232619703,46.03734696570659
Ste Anne Patch,2,11.1824007668995,55.77269858284626,44.59029781594676
Ste Anne Patch,3,13.4907251150223,56.29201483949551,42.80128972447321
Ste Anne Patch,4,16.1457028063262,56.81133109614474,40.66562828981854
Ste Anne Patch,5,19.1191287881119,57.330647352793974,38.21151856468207
Ste Anne Patch,6,22.4393526886381,57.849963609443215,35.41061092080511
Ste Anne Patch,7,26.0313018148549,58.36927986609245,32.33797805123755
Ste Anne Patch,8,29.8239381928416,58.88859612274169,29.06465792990009
Ste Anne Patch,9,33.7743219262359,59.40791237939092,25.633590453155023
Ste Anne Patch,10,37.8206435465336,59.92722863604016,22.10658508950656
Ste Anne Patch,11,41.8912785920134,60.446544892689396,18.555266300675996
Ste Anne Patch,12,45.8030359556471,60.965861149338636,15.162825193691539
Ste Anne Patch,13,49.680204198107,61.48517740598787,11.80497320788087
Ste Anne Patch,14,53.3921555533683,62.00449366263711,8.612338109268812
Ste Anne Patch,15,56.8544073055729,62.52380991928634,5.669402613713444
Ste Anne Patch,16,60.1492418734876,63.043126175935576,2.8938843024479795
Ste Anne Patch,17,63.1278604231171,63.56244243258482,0.43458200946771797
Ste Anne Patch,18,65.892040906747,64.08175868923405,1.810282217512949
Ste Anne Patch,19,68.4194706518762,64.60107494588328,3.818395705992913
Ste Anne Patch,20,70.6917801321397,65.12039120253253,5.571388929607167
Ste Anne Patch,21,72.7232751094944,65.63970745918176,7.083567650312631
Ste Anne Patch,22,74.5507356468824,66.159023715831,8.391711931051404
Ste Anne Patch,23,76.1557933642216,66.67833997248023,9.477453391741363
Ste Anne Patch,24,77.5904033808983,67.19765622912948,10.392747151768816
Ste Anne Patch,25,78.8524009014211,67.71697248577871,11.135428415642394
Ste Anne Patch,26,79.9559612099461,68.23628874242794,11.719672467518151
Ste Anne Patch,27,80.9270610737794,68.75560499907718,12.17145607470222
Ste Anne Patch,28,81.7896941703357,69.27492125572643,12.514772914609267
Ste Anne Patch,29,82.5291996257434,69.79423751237566,12.734962113367743
Ste Anne Patch,30,83.1827364251598,70.31355376902489,12.86918265613491
Ste Anne Patch,31,83.7437959160762,70.83287002567413,12.91092589040207
Ste Anne Patch,32,84.2283782195329,71.35218628232337,12.876191937209526
Ste Anne Patch,33,84.6544198787316,71.8715025389726,12.782917339758995
Ste Anne Patch,34,85.0173079241526,72.39081879562184,12.626489128530764
Ste Anne Patch,35,85.3335735574717,72.91013505227107,12.423438505200622
Ste Anne Patch,36,85.6070133551845,73.4294513089203,12.1775620462642
Ste Anne Patch,37,85.8452343688207,73.94876756556955,11.896466803251144
Ste Anne Patch,38,86.0507197616647,74.46808382221879,11.582635939445908
Ste Anne Patch,39,86.2275960873974,74.98740007886802,11.24019600852938
Ste Anne Patch,40,86.3790129804847,75.50671633551727,10.872296644967435
Ste Anne Patch,41,86.509844220089,76.0260325921665,10.483811627922492
Ste Anne Patch,42,86.6219163806778,76.54534884881573,10.076567531862068
Ste Anne Patch,43,86.7179609094735,77.06466510546497,9.653295804008536
Ste Anne Patch,44,86.8008849735737,77.5839813621142,9.2169036114595
Ste Anne Patch,45,86.8722990416104,78.10329761876345,8.769001422846955
Ste Anne Patch,46,86.9341595891755,78.62261387541268,8.311545713762811
Ste Anne Patch,47,86.9869495717691,79.14193013206192,7.845019439707187
Ste Anne Patch,48,87.0324961275902,79.66124638871116,7.371249738879044
Ste Anne Patch,49,87.0719070303119,80.1805626453604,6.891344384951509
Ste Anne Patch,50,87.1055780981991,80.69987890200963,6.405699196189474
Ste Anne Patch,51,87.1345435146013,81.21919515865886,5.915348355942442
Ste Anne Patch,52,87.1594428630188,81.7385114153081,5.4209314477107
Ste Anne Patch,53,87.1807479124744,82.25782767195734,4.922920240517058
Ste Anne Patch,54,87.1992371574,82.77714392860658,4.422093228793429
Ste Anne Patch,55,87.2149060943732,83.29646018525581,3.918445909117395
Ste Anne Patch,56,87.2284726298776,83.81577644190504,3.412696187972557
Ste Anne Patch,57,87.2401876122187,84.33509269855429,2.9050949136644135
Ste Anne Patch,58,87.2502481713115,84.85440895520352,2.395839216107973
Ste Anne Patch,59,87.2589186758951,85.37372521185276,1.8851934640423451
Ste Anne Patch,60,87.266381972129,85.89304146850199,1.3733405036270057
Ste Anne Patch,61,87.2728060296141,86.41235772515122,0.8604483044628779
Ste Anne Patch,62,87.2783471597972,86.93167398180047,0.3466731779967347
Ste Anne Patch,63,87.2831408380265,87.4509902384497,0.16784940042320784
Ste Anne Patch,64,87.2872700444247,87.97030649509894,0.683036450674237
Ste Anne Patch,65,87.2908022964483,88.48962275174819,1.198820455299881
Ste Anne Patch,66,87.2938350456751,89.00893900839742,1.7151039627223241
Ste Anne Patch,67,87.2964439469809,89.52825526504665,2.231811318065752
Ste Anne Patch,68,87.2986930810991,90.04757152169589,2.7488784405967834
Ste Anne Patch,69,87.3006326241529,90.56688777834512,3.2662551541922227
Ste Anne Patch,70,87.3022997292958,91.08620403499437,3.78390430569857
Ste Anne Patch,71,87.3037326587785,91.6055202916436,4.3017876328651
Ste Anne Patch,72,87.3049643026614,92.12483654829283,4.81987224563143
Ste Anne Patch,73,87.3060229326982,92.64415280494208,5.338129872243883
Ste Anne Patch,74,87.3069328505297,93.16346906159131,5.856536211061609
Ste Anne Patch,75,87.3077149449778,93.68278531824055,6.375070373262744
Ste Anne Patch,76,87.3083856866998,94.20210157488978,6.893715888189988
Ste Anne Patch,77,87.3089615315245,94.72141783153901,7.412456300014512
Ste Anne Patch,78,87.309456781891,95.24073408818826,7.931277306297261
Ste Anne Patch,79,87.3098820320745,95.7600503448375,8.450168312762997
Ste Anne Patch,80,87.3102490385376,96.27936660148673,8.969117562949123
Ste Anne Patch,81,87.3105640891535,96.79868285813598,9.488118768982474
Ste Anne Patch,82,87.31083504481,97.31799911478521,10.007164069975204
Ste Anne Patch,83,87.3110680769823,97.83731537143444,10.526247294452148
Ste Anne Patch,84,87.3112684934286,98.35663162808368,11.045363134655076
Ste Anne Patch,85,87.311440859061,98.87594788473291,11.564507025671915
Ste Anne Patch,86,87.3115890999029,99.39526414138214,12.083675041479239
Ste Anne Patch,87,87.3117165925001,99.91458039803138,12.602863805531271
Ste Anne Patch,88,87.3118259891433,100.43389665468062,13.122070665537322
Ste Anne Patch,89,87.3119201319868,100.95321291132986,13.641292779343061
Ste Anne Patch,90,87.312001300655,101.4725291679791,14.160527867324106
Ste Anne Patch,91,87.3120711073475,101.99184542462834,14.679774317280831
Ste Anne Patch,92,87.3121311425295,102.51116168127757,15.199030538748076
Ste Anne Patch,93,87.3121827740295,103.0304779379268,15.71829516389731
Ste Anne Patch,94,87.3122271782043,103.54979419457604,16.23756701637174
Ste Anne Patch,95,87.312265366741,104.06911045122527,16.75684508448427
Ste Anne Patch,96,87.312298209709,104.5884267078745,17.276128498165505
Ste Anne Patch,97,87.3123264553832,105.10774296452375,17.79541650914055
Ste Anne Patch,98,87.3123507472934,105.627059221173,18.314708473879605
Ste Anne Patch,99,87.3123716388866,106.14637547782223,18.83400383893563
