site,year,cover,pred_cover
Mahe E Patch,0,6.40098995163101,2.884770092352632
Mahe E Patch,1,6.92098076273418,5.7935840190266745
Mahe E Patch,2,7.49651839734484,8.62163335752124
Mahe E Patch,3,8.11399005846889,11.37003884510603
Mahe E Patch,4,8.77118794546501,14.039921219051031
Mahe E Patch,5,9.44956068685932,16.632401216626086
Mahe E Patch,6,10.1728322925544,19.148599575101265
Mahe E Patch,7,10.9349315696151,21.5896370317463
Mahe E Patch,8,11.7385754694254,23.956634323831175
Mahe E Patch,9,12.6087333494382,26.250712188625762
Mahe E Patch,10,13.5494204408671,28.472991363400048
Mahe E Patch,11,14.4968289650955,30.624592585423848
Mahe E Patch,12,15.5788948205071,32.70663659196709
Mahe E Patch,13,16.6187631509302,34.72024412029971
Mahe E Patch,14,17.7229495145243,36.666535907691596
Mahe E Patch,15,18.8358884492308,38.546632691412626
Mahe E Patch,16,20.0233861043936,40.361655208732785
Mahe E Patch,17,21.2203966945734,42.11272419692189
Mahe E Patch,18,22.4655519059368,43.80096039324988
Mahe E Patch,19,23.739831194357,45.427484534986704
Mahe E Patch,20,25.0479472074662,46.993417359402216
Mahe E Patch,21,26.3759293921351,48.49987960376632
Mahe E Patch,22,27.6694414285697,49.94799200534895
Mahe E Patch,23,29.0896033579624,51.33887530142001
Mahe E Patch,24,30.456493401614,52.67365022924938
Mahe E Patch,25,31.8221610454506,53.95343752610702
Mahe E Patch,26,33.2025429613064,55.17935792926276
Mahe E Patch,27,34.577895837824,56.352532175986546
Mahe E Patch,28,35.9479138940786,57.4740810035483
Mahe E Patch,29,37.2612024332447,58.5451251492179
Mahe E Patch,30,38.5938200818152,59.566785350265285
Mahe E Patch,31,39.9064201640775,60.54018234396032
Mahe E Patch,32,41.2286899332086,61.466436867572945
Mahe E Patch,33,42.5268745192703,62.34666965837305
Mahe E Patch,34,43.8024008491162,63.18200145363054
Mahe E Patch,35,45.0430456467443,63.973552990615325
Mahe E Patch,36,46.2672101255371,64.72244500659731
Mahe E Patch,37,47.4578937739823,65.4297982388464
Mahe E Patch,38,48.6232388892951,66.09673342463252
Mahe E Patch,39,49.747190880546,66.72437130122555
Mahe E Patch,40,50.8548690633925,67.31383260589541
Mahe E Patch,41,51.9138802078647,67.866238075912
Mahe E Patch,42,52.947378653987,68.38270844854523
Mahe E Patch,43,53.9325190055622,68.864364461065
Mahe E Patch,44,54.8920646756224,69.31232685074121
Mahe E Patch,45,55.8206269850053,69.7277163548438
Mahe E Patch,46,56.7167121223355,70.11165371064264
Mahe E Patch,47,57.5677462762912,70.46525965540765
Mahe E Patch,48,58.3747223799036,70.78965492640873
Mahe E Patch,49,59.1483536738161,71.0859602609158
Mahe E Patch,50,59.8812744915479,71.35529639619875
Mahe E Patch,51,60.5817413685544,71.59878406952751
Mahe E Patch,52,61.267079817127,71.81754401817194
Mahe E Patch,53,61.9326498986156,72.01269697940201
Mahe E Patch,54,62.5675261263754,72.18536369048758
Mahe E Patch,55,63.1649076871843,72.33666488869855
Mahe E Patch,56,63.7393134827972,72.46772131130487
Mahe E Patch,57,64.2842277877853,72.57965369557641
Mahe E Patch,58,64.8035017851519,72.67358277878309
Mahe E Patch,59,65.2946011190283,72.75062929819481
Mahe E Patch,60,65.7595089775316,72.81191399108148
Mahe E Patch,61,66.1942337952111,72.858557594713
Mahe E Patch,62,66.6091198026641,72.8916808463593
Mahe E Patch,63,67.0004097343381,72.91240448329025
Mahe E Patch,64,67.3715015443599,72.92184924277576
Mahe E Patch,65,67.7231111629229,72.92113586208578
Mahe E Patch,66,68.0533855885721,72.91138507849017
Mahe E Patch,67,68.3666872500551,72.89371762925886
Mahe E Patch,68,68.6611266523857,72.86925425166174
Mahe E Patch,69,68.9394618271063,72.83911568296872
Mahe E Patch,70,69.2024842190375,72.80442266044972
Mahe E Patch,71,69.4509567175119,72.76629592137463
Mahe E Patch,72,69.6856134116049,72.72585620301338
Mahe E Patch,73,69.9071595479279,72.68422424263585
Mahe E Patch,74,70.1171291402937,72.64252077751195
Mahe E Patch,75,70.3145600309077,72.60186654491163
Mahe E Patch,76,70.4993066383749,72.5633822821047
Mahe E Patch,77,70.6740439192499,72.52818872636114
Mahe E Patch,78,70.8394558892768,72.49740661495085
Mahe E Patch,79,70.9963822523541,72.47215668514373
Mahe E Patch,80,71.1442689792083,72.45355967420966
Mahe E Patch,81,71.2836117168777,72.4427363194186
Mahe E Patch,82,71.4148818612957,72.44080735804042
Mahe E Patch,83,71.5385273937098,72.448893527345
Mahe E Patch,84,71.6549737337947,72.46811556460236
Mahe E Patch,85,71.7649599629094,72.49959420708223
Mahe E Patch,86,71.8675096444317,72.54445019205465
Mahe E Patch,87,71.9640881630534,72.60380425678946
Mahe E Patch,88,72.0550327376095,72.6787771385566
Mahe E Patch,89,72.1406627609512,72.77048957462597
Mahe E Patch,90,72.2212805984094,72.8800623022675
Mahe E Patch,91,72.2974566548524,73.00861605875104
Mahe E Patch,92,72.3687117053089,73.15727158134649
Mahe E Patch,93,72.4354920828475,73.32714960732389
Mahe E Patch,94,72.4979999179456,73.519370873953
Mahe E Patch,95,72.5568708172559,73.73505611850373
Mahe E Patch,96,72.6123125241664,73.97532607824607
Mahe E Patch,97,72.6645213613328,74.2413014904499
Mahe E Patch,98,72.7136828068063,74.53410309238507
Mahe E Patch,99,72.7599720472494,74.85485162132159
Mahe NW Carbonate,0,8.42791633890065,-3.663208156725389
Mahe NW Carbonate,1,9.99614717287711,-0.9174566617891031
Mahe NW Carbonate,2,11.7991835594352,1.7564168293466906
Mahe NW Carbonate,3,13.8583745407708,4.359363678608531
Mahe NW Carbonate,4,16.1508854177524,6.892335247922759
Mahe NW Carbonate,5,18.6472113387807,9.356282899215898
Mahe NW Carbonate,6,21.32450052807,11.752157994414432
Mahe NW Carbonate,7,24.1896185960645,14.080911895444785
Mahe NW Carbonate,8,27.1668395270652,16.34349596423344
Mahe NW Carbonate,9,30.1666940730263,18.540861562706866
Mahe NW Carbonate,10,33.1722999412888,20.6739600527915
Mahe NW Carbonate,11,36.2450816161897,22.743742796413812
Mahe NW Carbonate,12,39.2072730008448,24.751161155500256
Mahe NW Carbonate,13,42.0261117902315,26.697166491977384
Mahe NW Carbonate,14,44.665302091441,28.582710167771516
Mahe NW Carbonate,15,47.1406948395029,30.408743544809205
Mahe NW Carbonate,16,49.4530428711579,32.176217985016905
Mahe NW Carbonate,17,51.579962278961,33.88608485032107
Mahe NW Carbonate,18,53.5431821790726,35.53929550264813
Mahe NW Carbonate,19,55.3230936175575,37.136801303924614
Mahe NW Carbonate,20,56.9114452475484,38.6795536160769
Mahe NW Carbonate,21,58.3205688734809,40.168503801031534
Mahe NW Carbonate,22,59.5664251991632,41.60460322071495
Mahe NW Carbonate,23,60.6918080090368,42.988803237053574
Mahe NW Carbonate,24,61.6707751375078,44.32205521197392
Mahe NW Carbonate,25,62.5414597074502,45.60531050740242
Mahe NW Carbonate,26,63.3092597296128,46.83952048526555
Mahe NW Carbonate,27,63.9799150480525,48.025636507489764
Mahe NW Carbonate,28,64.5636186068224,49.164609936001526
Mahe NW Carbonate,29,65.0592398641221,50.25739213272732
Mahe NW Carbonate,30,65.4932285315456,51.304934459593596
Mahe NW Carbonate,31,65.8708038932057,52.308188278526785
Mahe NW Carbonate,32,66.2001968172188,53.268104951453395
Mahe NW Carbonate,33,66.4838100422686,54.18563584029987
Mahe NW Carbonate,34,66.7300068277962,55.06173230699268
Mahe NW Carbonate,35,66.9416104236552,55.89734571345825
Mahe NW Carbonate,36,67.1243279854632,56.69342742162311
Mahe NW Carbonate,37,67.2799234181574,57.45092879341368
Mahe NW Carbonate,38,67.415657565129,58.170801190756414
Mahe NW Carbonate,39,67.5318667914807,58.85399597557781
Mahe NW Carbonate,40,67.6321692091643,59.50146450980429
Mahe NW Carbonate,41,67.7190834352169,60.114158155362354
Mahe NW Carbonate,42,67.7938303064549,60.693028274178445
Mahe NW Carbonate,43,67.8586788843688,61.23902622817902
Mahe NW Carbonate,44,67.9139804703191,61.753103379290565
Mahe NW Carbonate,45,67.96132615874,62.23621108943952
Mahe NW Carbonate,46,68.001945297015,62.68930072055236
Mahe NW Carbonate,47,68.0368263690683,63.11332363455555
Mahe NW Carbonate,48,68.0668117636686,63.509231193375534
Mahe NW Carbonate,49,68.0925754219963,63.87797475893879
Mahe NW Carbonate,50,68.1145658503569,64.22050569317179
Mahe NW Carbonate,51,68.1335603606368,64.53777535800097
Mahe NW Carbonate,52,68.1499950541505,64.83073511535282
Mahe NW Carbonate,53,68.164146720672,65.10033632715378
Mahe NW Carbonate,54,68.1762014456628,65.34753035533035
Mahe NW Carbonate,55,68.1864813262115,65.57326856180894
Mahe NW Carbonate,56,68.195376506379,65.77850230851605
Mahe NW Carbonate,57,68.2030016819634,65.96418295737813
Mahe NW Carbonate,58,68.2095758882398,66.13126187032165
Mahe NW Carbonate,59,68.2153114917311,66.28069040927306
Mahe NW Carbonate,60,68.2202333707424,66.41341993615885
Mahe NW Carbonate,61,68.2244321489572,66.53040181290542
Mahe NW Carbonate,62,68.2280277214499,66.63258740143932
Mahe NW Carbonate,63,68.2311177315131,66.72092806368696
Mahe NW Carbonate,64,68.2337732413874,66.79637516157479
Mahe NW Carbonate,65,68.2360553312672,66.8598800570293
Mahe NW Carbonate,66,68.2380164997071,66.91239411197697
Mahe NW Carbonate,67,68.2397018680304,66.95486868834422
Mahe NW Carbonate,68,68.2411468966299,66.98825514805755
Mahe NW Carbonate,69,68.2423831316283,67.01350485304337
Mahe NW Carbonate,70,68.2434467528208,67.03156916522819
Mahe NW Carbonate,71,68.2443618588347,67.04339944653847
Mahe NW Carbonate,72,68.2451491847182,67.04994705890068
Mahe NW Carbonate,73,68.2458265711976,67.05216336424124
Mahe NW Carbonate,74,68.246409368524,67.05099972448664
Mahe NW Carbonate,75,68.2469107840126,67.04740750156337
Mahe NW Carbonate,76,68.2473421811145,67.04233805739784
Mahe NW Carbonate,77,68.2477133367725,67.03674275391654
Mahe NW Carbonate,78,68.248032662873,67.03157295304594
Mahe NW Carbonate,79,68.2483073967999,67.02778001671247
Mahe NW Carbonate,80,68.2485437653973,67.02631530684262
Mahe NW Carbonate,81,68.2487471260491,67.02813018536288
Mahe NW Carbonate,82,68.2489220880683,67.03417601419966
Mahe NW Carbonate,83,68.2490726171423,67.04540415527943
Mahe NW Carbonate,84,68.2492021251979,67.0627659705287
Mahe NW Carbonate,85,68.2493134244596,67.08721282187388
Mahe NW Carbonate,86,68.2494092831196,67.11969607124145
Mahe NW Carbonate,87,68.249491808052,67.16116708055789
Mahe NW Carbonate,88,68.2495628037145,67.21257721174963
Mahe NW Carbonate,89,68.2496238808552,67.27487782674312
Mahe NW Carbonate,90,68.249676425182,67.34902028746491
Mahe NW Carbonate,91,68.2497216041614,67.43595595584141
Mahe NW Carbonate,92,68.2497604820853,67.53663619379903
Mahe NW Carbonate,93,68.2497939915166,67.65201236326429
Mahe NW Carbonate,94,68.2498228807569,67.78303582616367
Mahe NW Carbonate,95,68.249847718693,67.9306579444236
Mahe NW Carbonate,96,68.2498690734718,68.09583007997055
Mahe NW Carbonate,97,68.2498874335635,68.27950359473097
Mahe NW Carbonate,98,68.2499032439162,68.48262985063131
Mahe NW Carbonate,99,68.2499168818844,68.70616020959811
Mahe NW Granite,0,9.04821463213659,11.970467906021149
Mahe NW Granite,1,10.0465850245766,14.767314497723397
Mahe NW Granite,2,11.1022129357423,17.488877409503537
Mahe NW Granite,3,12.2642722733854,20.136179125305596
Mahe NW Granite,4,13.5266492163598,22.710242129073457
Mahe NW Granite,5,14.9038398413176,25.212088904751205
Mahe NW Granite,6,16.4079217046096,27.642741936282853
Mahe NW Granite,7,17.9487089944119,30.003223707612328
Mahe NW Granite,8,19.5692602995947,32.2945567026837
Mahe NW Granite,9,21.3108241470266,34.517763405440945
Mahe NW Granite,10,23.127214116235,36.67386629982806
Mahe NW Granite,11,25.0213475746683,38.76388786978907
Mahe NW Granite,12,26.9570353246087,40.78885059926789
Mahe NW Granite,13,28.9241088706605,42.74977697220865
Mahe NW Granite,14,30.9090728109522,44.64768947255526
Mahe NW Granite,15,32.8945823712643,46.48361058425175
Mahe NW Granite,16,34.8762365006604,48.2585627912421
Mahe NW Granite,17,36.8356908655763,49.97356857747037
Mahe NW Granite,18,38.7346043622643,51.62965042688044
Mahe NW Granite,19,40.6383641716008,53.22783082341646
Mahe NW Granite,20,42.4972612966848,54.769132251022334
Mahe NW Granite,21,44.2993823669574,56.254577193642056
Mahe NW Granite,22,46.0369394042781,57.685188135219704
Mahe NW Granite,23,47.7384581656722,59.061987559699205
Mahe NW Granite,24,49.3657376807445,60.38599795102458
Mahe NW Granite,25,50.9301987561556,61.65824179313984
Mahe NW Granite,26,52.4407641608057,62.87974156998898
Mahe NW Granite,27,53.8209983719718,64.051519765516
Mahe NW Granite,28,55.1189439131119,65.17459886366491
Mahe NW Granite,29,56.3381193861388,66.2500013483797
Mahe NW Granite,30,57.4656764935922,67.27874970360436
Mahe NW Granite,31,58.5183395951521,68.26186641328292
Mahe NW Granite,32,59.5056445496537,69.20037396135935
Mahe NW Granite,33,60.4153775483527,70.09529483177766
Mahe NW Granite,34,61.2606366675374,70.94765150848187
Mahe NW Granite,35,62.0590611158815,71.75846647541596
Mahe NW Granite,36,62.7963726609069,72.52876221652392
Mahe NW Granite,37,63.4703276191621,73.25956121574978
Mahe NW Granite,38,64.0980796115553,73.95188595703752
Mahe NW Granite,39,64.6770004496996,74.60675892433116
Mahe NW Granite,40,65.2101521006821,75.22520260157468
Mahe NW Granite,41,65.7006110123616,75.80823947271209
Mahe NW Granite,42,66.14982112551,76.35689202168739
Mahe NW Granite,43,66.5621144499441,76.87218273244456
Mahe NW Granite,44,66.9416211591716,77.35513408892763
Mahe NW Granite,45,67.289351824076,77.80676857508058
Mahe NW Granite,46,67.6096458642444,78.22810867484742
Mahe NW Granite,47,67.904278029029,78.62017687217217
Mahe NW Granite,48,68.1709531411238,78.98399565099879
Mahe NW Granite,49,68.4144555972173,79.32058749527131
Mahe NW Granite,50,68.6387652727281,79.63097488893372
Mahe NW Granite,51,68.8443102204783,79.91618031593003
Mahe NW Granite,52,69.032819346916,80.17722626020422
Mahe NW Granite,53,69.2061073979243,80.41513520570031
Mahe NW Granite,54,69.3636422112119,80.6309296363623
Mahe NW Granite,55,69.5061332562799,80.82563203613417
Mahe NW Granite,56,69.6358966231373,81.00026488895995
Mahe NW Granite,57,69.7529203844257,81.15585067878361
Mahe NW Granite,58,69.8585310350843,81.29341188954918
Mahe NW Granite,59,69.9548220723287,81.41397100520064
Mahe NW Granite,60,70.0425993703081,81.51855050968199
Mahe NW Granite,61,70.1226162762373,81.60817288693724
Mahe NW Granite,62,70.1963579411095,81.6838606209104
Mahe NW Granite,63,70.2634735176444,81.74663619554543
Mahe NW Granite,64,70.3245502334897,81.79752209478637
Mahe NW Granite,65,70.3801246930534,81.83754080257724
Mahe NW Granite,66,70.4306869932177,81.86771480286197
Mahe NW Granite,67,70.4767811296883,81.88906657958462
Mahe NW Granite,68,70.5187696299426,81.90261861668917
Mahe NW Granite,69,70.5569466183723,81.9093933981196
Mahe NW Granite,70,70.5916554280442,81.91041340781995
Mahe NW Granite,71,70.6232089300205,81.90670112973417
Mahe NW Granite,72,70.6518602408288,81.89927904780633
Mahe NW Granite,73,70.6779054615165,81.8891696459804
Mahe NW Granite,74,70.701444732886,81.87739540820033
Mahe NW Granite,75,70.7229512649221,81.86497881841021
Mahe NW Granite,76,70.7425023518257,81.85294236055397
Mahe NW Granite,77,70.7602750940338,81.84230851857563
Mahe NW Granite,78,70.7764723271431,81.83409977641921
Mahe NW Granite,79,70.7912136566352,81.82933861802867
Mahe NW Granite,80,70.8046073482866,81.82904752734807
Mahe NW Granite,81,70.8167762762667,81.83424898832138
Mahe NW Granite,82,70.8278321683393,81.84596548489256
Mahe NW Granite,83,70.8378766070235,81.86521950100567
Mahe NW Granite,84,70.8469518666007,81.89303352060469
Mahe NW Granite,85,70.8552009928078,81.9304300276336
Mahe NW Granite,86,70.8626991761292,81.97843150603646
Mahe NW Granite,87,70.8695146764541,82.03806043975717
Mahe NW Granite,88,70.8757095665904,82.11033931273982
Mahe NW Granite,89,70.8813402899719,82.19629060892836
Mahe NW Granite,90,70.8864581686348,82.29693681226686
Mahe NW Granite,91,70.8911098658003,82.41330040669925
Mahe NW Granite,92,70.8953378070458,82.54640387616953
Mahe NW Granite,93,70.899182636534,82.69726970462176
Mahe NW Granite,94,70.9026866948257,82.86692037599985
Mahe NW Granite,95,70.9058704174415,83.05637837424791
Mahe NW Granite,96,70.9087630706567,83.26666618330987
Mahe NW Granite,97,70.9113912501483,83.4988062871297
Mahe NW Granite,98,70.9137791241315,83.75382116965142
Mahe NW Granite,99,70.9159486544579,84.03273331481915
Mahe NW Patch,0,12.4858384558302,3.2067439171485503
Mahe NW Patch,1,13.4619582213912,6.07731656618666
Mahe NW Patch,2,14.4629817806217,8.871084098771298
Mahe NW Patch,3,15.4970386867619,11.589083320979803
Mahe NW Patch,4,16.6085192143645,14.232351038889298
Mahe NW Patch,5,17.8040771606664,16.801924058577093
Mahe NW Patch,6,18.9799934116289,19.298839186120496
Mahe NW Patch,7,20.2305834580373,21.724133227596674
Mahe NW Patch,8,21.4802796469566,24.07884298908295
Mahe NW Patch,9,22.8080762638277,26.36400527665655
Mahe NW Patch,10,24.17056216229,28.58065689639472
Mahe NW Patch,11,25.5311447824409,30.72983465437475
Mahe NW Patch,12,26.8777858256275,32.812575356673854
Mahe NW Patch,13,28.2163023541669,34.82991580936936
Mahe NW Patch,14,29.5530802163754,36.78289281853841
Mahe NW Patch,15,30.8697872554337,38.672543190258345
Mahe NW Patch,16,32.1199536845831,40.4999037306064
Mahe NW Patch,17,33.3774618545185,42.266011245659804
Mahe NW Patch,18,34.645152389007,43.97190254149586
Mahe NW Patch,19,35.8105874080359,45.6186144241918
Mahe NW Patch,20,36.9470855958423,47.207183699824846
Mahe NW Patch,21,38.0428373539476,48.73864717447231
Mahe NW Patch,22,39.0842429826738,50.21404165421142
Mahe NW Patch,23,40.091646814785,51.63440394511942
Mahe NW Patch,24,41.0436533363439,53.000770853273586
Mahe NW Patch,25,41.9432100486411,54.314179184751175
Mahe NW Patch,26,42.788477912866,55.5756657456294
Mahe NW Patch,27,43.5706320741766,56.786267341985585
Mahe NW Patch,28,44.3301156852321,57.94702077989694
Mahe NW Patch,29,45.016725096102,59.05896286544071
Mahe NW Patch,30,45.6569306186772,60.12313040469419
Mahe NW Patch,31,46.2543995799589,61.1405602037346
Mahe NW Patch,32,46.8123594834216,62.11228906863922
Mahe NW Patch,33,47.3309960960912,63.039353805485284
Mahe NW Patch,34,47.8098658174628,63.92279122035006
Mahe NW Patch,35,48.2538502009668,64.76363811931083
Mahe NW Patch,36,48.6705096315646,65.5629313084448
Mahe NW Patch,37,49.0562110396886,66.32170759382925
Mahe NW Patch,38,49.4136938099742,67.04100378154142
Mahe NW Patch,39,49.739163130713,67.7218566776586
Mahe NW Patch,40,50.0366611950621,68.36530308825797
Mahe NW Patch,41,50.3075444998022,68.97237981941689
Mahe NW Patch,42,50.5535828837147,69.54412367721255
Mahe NW Patch,43,50.77930951395,70.08157146772221
Mahe NW Patch,44,50.9864999953699,70.58575999702315
Mahe NW Patch,45,51.1752538200144,71.05772607119259
Mahe NW Patch,46,51.3478389004482,71.49850649630781
Mahe NW Patch,47,51.5055561700455,71.90913807844606
Mahe NW Patch,48,51.6496164035237,72.2906576236846
Mahe NW Patch,49,51.7811438738655,72.64410193810066
Mahe NW Patch,50,51.9011803792882,72.97050782777154
Mahe NW Patch,51,52.0112130342561,73.27091209877446
Mahe NW Patch,52,52.1119775360885,73.54635155718668
Mahe NW Patch,53,52.2037633750721,73.79786300908546
Mahe NW Patch,54,52.2864505768231,74.02648326054808
Mahe NW Patch,55,52.3610982887463,74.23324911765174
Mahe NW Patch,56,52.4291768043733,74.41919738647374
Mahe NW Patch,57,52.4912512355764,74.58536487309132
Mahe NW Patch,58,52.5478403107307,74.73278838358175
Mahe NW Patch,59,52.5999858743487,74.86250472402226
Mahe NW Patch,60,52.6472227579886,74.97555070049012
Mahe NW Patch,61,52.6899060635327,75.07296311906256
Mahe NW Patch,62,52.7290234563538,75.1557787858169
Mahe NW Patch,63,52.764848412491,75.22503450683033
Mahe NW Patch,64,52.7974493521888,75.28176708818013
Mahe NW Patch,65,52.826996153102,75.32701333594356
Mahe NW Patch,66,52.8536227270646,75.36181005619787
Mahe NW Patch,67,52.8781965569201,75.3871940550203
Mahe NW Patch,68,52.9004401034954,75.40420213848813
Mahe NW Patch,69,52.9206484177871,75.4138711126786
Mahe NW Patch,70,52.9390435301402,75.41723778366898
Mahe NW Patch,71,52.9558649950814,75.4153389575365
Mahe NW Patch,72,52.9711805879936,75.40921144035846
Mahe NW Patch,73,52.9851124492509,75.39989203821207
Mahe NW Patch,74,52.9977850525187,75.38841755717459
Mahe NW Patch,75,53.0093117686861,75.37582480332333
Mahe NW Patch,76,53.0197958398407,75.36315058273544
Mahe NW Patch,77,53.0293312706594,75.35143170148825
Mahe NW Patch,78,53.0379702142489,75.34170496565903
Mahe NW Patch,79,53.0458187137525,75.33500718132498
Mahe NW Patch,80,53.0529680453114,75.33237515456338
Mahe NW Patch,81,53.0594724901593,75.33484569145156
Mahe NW Patch,82,53.0653901072752,75.34345559806661
Mahe NW Patch,83,53.0707914002849,75.35924168048592
Mahe NW Patch,84,53.0757063131674,75.38324074478672
Mahe NW Patch,85,53.0801769331035,75.41648959704625
Mahe NW Patch,86,53.084251525165,75.46002504334174
Mahe NW Patch,87,53.0879569324381,75.51488388975048
Mahe NW Patch,88,53.0913154696012,75.5821029423497
Mahe NW Patch,89,53.0943696473242,75.66271900721668
Mahe NW Patch,90,53.0971470221128,75.75776889042868
Mahe NW Patch,91,53.0996726599383,75.86828939806293
Mahe NW Patch,92,53.1019693605629,75.99531733619668
Mahe NW Patch,93,53.1040578617931,76.13988951090721
Mahe NW Patch,94,53.1059570254345,76.30304272827178
Mahe NW Patch,95,53.1076840065666,76.4858137943676
Mahe NW Patch,96,53.1092544076197,76.68923951527202
Mahe NW Patch,97,53.1106824186037,76.9143566970622
Mahe NW Patch,98,53.1119850192553,77.16220214581543
Mahe NW Patch,99,53.113171245616,77.43381266760892
Mahe W Carbonate,0,13.5825523128488,3.9294646635314123
Mahe W Carbonate,1,15.0735573189198,6.6418534139003285
Mahe W Carbonate,2,16.7336068440228,9.281649421615093
Mahe W Carbonate,3,18.5541591496652,11.849834320524899
Mahe W Carbonate,4,20.496975641218,14.347389744478981
Mahe W Carbonate,5,22.5381432871705,16.77529732732662
Mahe W Carbonate,6,24.6834314162487,19.134538702917034
Mahe W Carbonate,7,26.9637344989391,21.426095505099518
Mahe W Carbonate,8,29.3913573785796,23.650949367723307
Mahe W Carbonate,9,31.9018324769601,25.810081924637636
Mahe W Carbonate,10,34.5159696713018,27.904474809691756
Mahe W Carbonate,11,37.2047926619749,29.935109656734888
Mahe W Carbonate,12,39.9741265496187,31.902968099616324
Mahe W Carbonate,13,42.7026093573837,33.80903177218533
Mahe W Carbonate,14,45.4720588566888,35.654282308291066
Mahe W Carbonate,15,48.182442260401,37.43970134178287
Mahe W Carbonate,16,50.9148050742208,39.16627050650997
Mahe W Carbonate,17,53.4934321599786,40.834971436321574
Mahe W Carbonate,18,56.0920843482528,42.446785765066956
Mahe W Carbonate,19,58.5802366352522,44.00269512659539
Mahe W Carbonate,20,60.9405207942793,45.5036811547561
Mahe W Carbonate,21,63.2315740557483,46.95072548339834
Mahe W Carbonate,22,65.4570267298843,48.34480974637135
Mahe W Carbonate,23,67.5709835783087,49.68691557752437
Mahe W Carbonate,24,69.5610104339467,50.978024610706676
Mahe W Carbonate,25,71.403430577234,52.21911847976751
Mahe W Carbonate,26,73.1755520158966,53.4111788185561
Mahe W Carbonate,27,74.7936864307223,54.55518726092172
Mahe W Carbonate,28,76.3267667533915,55.65212544071358
Mahe W Carbonate,29,77.7670344927152,56.702974991780984
Mahe W Carbonate,30,79.1046931330324,57.708717547973144
Mahe W Carbonate,31,80.3179031680382,58.67033474313933
Mahe W Carbonate,32,81.4312716990327,59.58880821112876
Mahe W Carbonate,33,82.4508201171286,60.465119585790724
Mahe W Carbonate,34,83.3964710881472,61.300250500974435
Mahe W Carbonate,35,84.2700522051579,62.09518259052914
Mahe W Carbonate,36,85.0764561835015,62.85089748830412
Mahe W Carbonate,37,85.8228470653763,63.56837682814861
Mahe W Carbonate,38,86.5044361022515,64.24860224391185
Mahe W Carbonate,39,87.1115196123914,64.89255536944309
Mahe W Carbonate,40,87.6679008358685,65.50121783859157
Mahe W Carbonate,41,88.1792894997683,66.07557128520656
Mahe W Carbonate,42,88.6446008253499,66.6165973431373
Mahe W Carbonate,43,89.0676501186772,67.12527764623303
Mahe W Carbonate,44,89.4550613305154,67.60259382834302
Mahe W Carbonate,45,89.8065314595568,68.0495275233165
Mahe W Carbonate,46,90.1200930828026,68.46706036500272
Mahe W Carbonate,47,90.4105979237062,68.85617398725094
Mahe W Carbonate,48,90.6735849429603,69.21785002391039
Mahe W Carbonate,49,90.9115550465962,69.55307010883034
Mahe W Carbonate,50,91.1268016663747,69.86281587586002
Mahe W Carbonate,51,91.3199786071715,70.1480689588487
Mahe W Carbonate,52,91.4936362437387,70.4098109916456
Mahe W Carbonate,53,91.6507888098311,70.6490236081
Mahe W Carbonate,54,91.7935501417637,70.86668844206112
Mahe W Carbonate,55,91.9233454177787,71.06378712737822
Mahe W Carbonate,56,92.039433610872,71.24130129790056
Mahe W Carbonate,57,92.1441572676254,71.40021258747737
Mahe W Carbonate,58,92.238155495119,71.54150262995792
Mahe W Carbonate,59,92.3232052669188,71.66615305919143
Mahe W Carbonate,60,92.4001475015816,71.77514550902718
Mahe W Carbonate,61,92.4697461052402,71.8694616133144
Mahe W Carbonate,62,92.5329074581198,71.95008300590234
Mahe W Carbonate,63,92.5900326025717,72.01799132064025
Mahe W Carbonate,64,92.6420213514153,72.07416819137738
Mahe W Carbonate,65,92.6889929585872,72.11959525196298
Mahe W Carbonate,66,92.7314107393892,72.15525413624628
Mahe W Carbonate,67,92.7697134981231,72.18212647807658
Mahe W Carbonate,68,92.8042982560289,72.20119391130308
Mahe W Carbonate,69,92.8355241366246,72.21343806977504
Mahe W Carbonate,70,92.8637159072638,72.21984058734171
Mahe W Carbonate,71,92.8891947184647,72.22138309785232
Mahe W Carbonate,72,92.9122810241811,72.21904723515618
Mahe W Carbonate,73,92.9331105455431,72.21381463310249
Mahe W Carbonate,74,92.9519032466831,72.20666692554047
Mahe W Carbonate,75,92.9688577728868,72.19858574631945
Mahe W Carbonate,76,92.9841534942752,72.19055272928861
Mahe W Carbonate,77,92.9979523577966,72.18354950829722
Mahe W Carbonate,78,93.0104005647126,72.17855771719454
Mahe W Carbonate,79,93.0216300893703,72.1765589898298
Mahe W Carbonate,80,93.0317047564926,72.17853496005226
Mahe W Carbonate,81,93.04074053085,72.18546726171117
Mahe W Carbonate,82,93.0489040748444,72.1983375286558
Mahe W Carbonate,83,93.0562789105885,72.21812739473532
Mahe W Carbonate,84,93.0629502725599,72.2458184937991
Mahe W Carbonate,85,93.0689904624888,72.28239245969627
Mahe W Carbonate,86,93.074442790587,72.32883092627614
Mahe W Carbonate,87,93.0793842621881,72.38611552738797
Mahe W Carbonate,88,93.0838690692143,72.45522789688098
Mahe W Carbonate,89,93.0878897023004,72.5371496686044
Mahe W Carbonate,90,93.0914998170649,72.63286247640755
Mahe W Carbonate,91,93.0947588070406,72.74334795413961
Mahe W Carbonate,92,93.097700808964,72.86958773564982
Mahe W Carbonate,93,93.1003616906823,73.01256345478751
Mahe W Carbonate,94,93.1027727598931,73.17325674540183
Mahe W Carbonate,95,93.10494792263,73.3526492413421
Mahe W Carbonate,96,93.10691025377,73.55172257645759
Mahe W Carbonate,97,93.1086805724453,73.77145838459745
Mahe W Carbonate,98,93.1102776623174,74.01283829961102
Mahe W Carbonate,99,93.1117184703892,74.27684395534749
Mahe W Granite,0,15.2946650836669,6.25928084500913
Mahe W Granite,1,17.067093473924,9.037454252354976
Mahe W Granite,2,18.9984901376486,11.742533495726647
Mahe W Granite,3,21.1540177746124,14.375490504512541
Mahe W Granite,4,23.4012273756546,16.937297208100986
Mahe W Granite,5,25.7635002916533,19.42892553588044
Mahe W Granite,6,28.1709274432946,21.85134741723924
Mahe W Granite,7,30.6857724490244,24.205534781565788
Mahe W Granite,8,33.2929031161495,26.492459558248513
Mahe W Granite,9,35.8525155356606,28.713093676675754
Mahe W Granite,10,38.3206401451488,30.868409066235927
Mahe W Granite,11,40.8351050178771,32.95937765631739
Mahe W Granite,12,43.2928273180189,34.98697137630856
Mahe W Granite,13,45.6340015127291,36.95216215559783
Mahe W Granite,14,47.847643067494,38.85592192357356
Mahe W Granite,15,49.9584610912371,40.69922260962416
Mahe W Granite,16,51.9427698891786,42.48303614313801
Mahe W Granite,17,53.7833153975697,44.20833445350351
Mahe W Granite,18,55.4827929654974,45.87608947010901
Mahe W Granite,19,57.0561727873797,47.487273122342984
Mahe W Granite,20,58.4961540590667,49.04285733959372
Mahe W Granite,21,59.837783761382,50.54381405124967
Mahe W Granite,22,61.0206343626967,51.991115186699204
Mahe W Granite,23,62.079676810118,53.38573267533069
Mahe W Granite,24,63.0411938144934,54.72863844653256
Mahe W Granite,25,63.9081656030566,56.02080442969316
Mahe W Granite,26,64.6789747497144,57.263202554200916
Mahe W Granite,27,65.3875086690237,58.45680474944419
Mahe W Granite,28,66.0141264462381,59.602582944811374
Mahe W Granite,29,66.5524827129413,60.70150906969087
Mahe W Granite,30,67.0347307006996,61.75455505347105
Mahe W Granite,31,67.4617321446376,62.7626928255403
Mahe W Granite,32,67.8427591915237,63.726894315287055
Mahe W Granite,33,68.178363807134,64.64813145209963
Mahe W Granite,34,68.473521778544,65.52737616536648
Mahe W Granite,35,68.7346477396709,66.36560038447595
Mahe W Granite,36,68.9661822780479,67.16377603881644
Mahe W Granite,37,69.1702526585409,67.92287505777635
Mahe W Granite,38,69.3495975478367,68.64386937074406
Mahe W Granite,39,69.5061636683974,69.32773090710796
Mahe W Granite,40,69.6442417247224,69.97543159625643
Mahe W Granite,41,69.7649249256482,70.58794336757786
Mahe W Granite,42,69.8710130170905,71.16623815046066
Mahe W Granite,43,69.964041582973,71.71128787429319
Mahe W Granite,44,70.0451080392459,72.22406446846387
Mahe W Granite,45,70.1167021829372,72.70553986236105
Mahe W Granite,46,70.1797078649582,73.15668598537314
Mahe W Granite,47,70.2357999274202,73.57847476688855
Mahe W Granite,48,70.2848070730197,73.97187813629562
Mahe W Granite,49,70.3274586154262,74.33786802298276
Mahe W Granite,50,70.3639411845705,74.67741635633837
Mahe W Granite,51,70.3959741968054,74.99149506575084
Mahe W Granite,52,70.4245071484713,75.28107608060854
Mahe W Granite,53,70.449492497532,75.54713133029986
Mahe W Granite,54,70.4713696566657,75.79063274421321
Mahe W Granite,55,70.4905240039542,76.01255225173696
Mahe W Granite,56,70.5072934355863,76.21386178225951
Mahe W Granite,57,70.5219559684973,76.39553326516923
Mahe W Granite,58,70.5346902526549,76.55853862985454
Mahe W Granite,59,70.5459243563122,76.7038498057038
Mahe W Granite,60,70.5558078346278,76.8324387221054
Mahe W Granite,61,70.5644478825887,76.94527730844773
Mahe W Granite,62,70.5719786169232,77.0433374941192
Mahe W Granite,63,70.5786052021467,77.12759120850818
Mahe W Granite,64,70.5844169437947,77.19901038100305
Mahe W Granite,65,70.5895009588268,77.25856694099222
Mahe W Granite,66,70.5939347455716,77.30723281786406
Mahe W Granite,67,70.5978122424999,77.34597994100697
Mahe W Granite,68,70.6012058862252,77.37578023980936
Mahe W Granite,69,70.6041665907006,77.39760564365956
Mahe W Granite,70,70.6067528855005,77.412428081946
Mahe W Granite,71,70.6090181658706,77.42121948405708
Mahe W Granite,72,70.6110022638133,77.42495177938116
Mahe W Granite,73,70.6127400719398,77.42459689730663
Mahe W Granite,74,70.6142621552696,77.42112676722189
Mahe W Granite,75,70.6155952874173,77.41551331851534
Mahe W Granite,76,70.6167629204758,77.40872848057533
Mahe W Granite,77,70.6177855967618,77.40174418279027
Mahe W Granite,78,70.6186813095964,77.39553235454856
Mahe W Granite,79,70.6194658194104,77.39106492523858
Mahe W Granite,80,70.6201529306922,77.38931382424873
Mahe W Granite,81,70.6207547346202,77.39125098096737
Mahe W Granite,82,70.6212818216224,77.39784832478291
Mahe W Granite,83,70.6217434675847,77.41007778508373
Mahe W Granite,84,70.6221478680097,77.42891129125826
Mahe W Granite,85,70.6225040732534,77.45532077269482
Mahe W Granite,86,70.6228157926063,77.49027815878182
Mahe W Granite,87,70.6230885816093,77.53475537890765
Mahe W Granite,88,70.6233273020655,77.58972436246071
Mahe W Granite,89,70.6235362086566,77.6561570388294
Mahe W Granite,90,70.6237190247465,77.7350253374021
Mahe W Granite,91,70.6238790087245,77.82730118756717
Mahe W Granite,92,70.6240190120648,77.93395651871302
Mahe W Granite,93,70.6241415301385,78.05596326022805
Mahe W Granite,94,70.6242487466819,78.19429334150061
Mahe W Granite,95,70.6243425727122,78.34991869191913
Mahe W Granite,96,70.6244246805847,78.52381124087199
Mahe W Granite,97,70.6244965337968,78.71694291774762
Mahe W Granite,98,70.6245594130711,78.93028565193427
Mahe W Granite,99,70.6246144391808,79.16481137282048
Mahe W Patch,0,23.1555355592099,8.016924172584005
Mahe W Patch,1,24.4519607886653,10.857955905269584
Mahe W Patch,2,25.7202975493551,13.622762903074097
Mahe W Patch,3,27.0748494535405,16.31237659939999
Mahe W Patch,4,28.5376257416257,18.927828427649764
Mahe W Patch,5,30.0443253682533,21.47014982122591
Mahe W Patch,6,31.4662595414235,23.94037221353097
Mahe W Patch,7,32.9710212345035,26.339527037967365
Mahe W Patch,8,34.5124945493943,28.668645727937623
Mahe W Patch,9,36.0717236792726,30.928759716844233
Mahe W Patch,10,37.6550742268085,33.1209004380897
Mahe W Patch,11,39.2655357267809,35.246099325076536
Mahe W Patch,12,40.8246812304984,37.30538781120715
Mahe W Patch,13,42.3505099334054,39.29979732988415
Mahe W Patch,14,43.9437992679221,41.23035931450996
Mahe W Patch,15,45.5026989380378,43.098105198487055
Mahe W Patch,16,47.0418905817018,44.90406641521796
Mahe W Patch,17,48.5123292963112,46.649274398105185
Mahe W Patch,18,49.9291376735376,48.3347605805512
Mahe W Patch,19,51.3384919230253,49.96155639595853
Mahe W Patch,20,52.7445947182948,51.530693277729604
Mahe W Patch,21,54.0323566307254,53.043202659266974
Mahe W Patch,22,55.3374688920687,54.5001159739731
Mahe W Patch,23,56.5180548938891,55.902464655250505
Mahe W Patch,24,57.6553654018851,57.25128013650164
Mahe W Patch,25,58.7540589901494,58.547593851129044
Mahe W Patch,26,59.8271142622664,59.7924372325352
Mahe W Patch,27,60.7992266977354,60.98684171412258
Mahe W Patch,28,61.7510922372028,62.13183872929368
Mahe W Patch,29,62.6487359830239,63.228459711451016
Mahe W Patch,30,63.4978963527636,64.27773609399706
Mahe W Patch,31,64.2775914680052,65.28069931033433
Mahe W Patch,32,65.0382599886297,66.23838079386529
Mahe W Patch,33,65.718776858947,67.15181197799244
Mahe W Patch,34,66.3724345396557,68.02202429611829
Mahe W Patch,35,66.9782611557689,68.85004918164533
Mahe W Patch,36,67.5289626912124,69.63691806797604
Mahe W Patch,37,68.040310736066,70.38366238851293
Mahe W Patch,38,68.5159896280481,71.09131357665848
Mahe W Patch,39,68.9567963664622,71.76090306581519
Mahe W Patch,40,69.3722352612385,72.39346228938552
Mahe W Patch,41,69.7550850109204,72.99002268077203
Mahe W Patch,42,70.1103836292446,73.55161567337717
Mahe W Patch,43,70.4398509090034,74.07927270060343
Mahe W Patch,44,70.7467096639629,74.57402519585332
Mahe W Patch,45,71.0366181735322,75.03690459252932
Mahe W Patch,46,71.3035225986028,75.46894232403395
Mahe W Patch,47,71.5473111895798,75.87116982376968
Mahe W Patch,48,71.7723906852183,76.24461852513899
Mahe W Patch,49,71.9800977055639,76.5903198615444
Mahe W Patch,50,72.171688861595,76.9093052663884
Mahe W Patch,51,72.3483430344463,77.20260617307348
Mahe W Patch,52,72.5111640560922,77.47125401500213
Mahe W Patch,53,72.6611836844935,77.71628022557684
Mahe W Patch,54,72.7993647827676,77.93871623820012
Mahe W Patch,55,72.9266046267002,78.13959348627444
Mahe W Patch,56,73.0437382779364,78.3199434032023
Mahe W Patch,57,73.1529178187301,78.48079742238622
Mahe W Patch,58,73.2536517500084,78.62318697722866
Mahe W Patch,59,73.3461845983758,78.74814350113212
Mahe W Patch,60,73.4303163475796,78.8566984274991
Mahe W Patch,61,73.5075151406699,78.94988318973209
Mahe W Patch,62,73.578465577291,79.0287292212336
Mahe W Patch,63,73.6436637710519,79.09426795540611
Mahe W Patch,64,73.7034525586625,79.1475308256521
Mahe W Patch,65,73.7574174317221,79.18954926537408
Mahe W Patch,66,73.8067464404957,79.22135470797454
Mahe W Patch,67,73.8521611377705,79.24397858685597
Mahe W Patch,68,73.8939681324949,79.25845233542087
Mahe W Patch,69,73.9324506346417,79.26580738707172
Mahe W Patch,70,73.9678701449934,79.26707517521105
Mahe W Patch,71,74.0006359953993,79.26328713324128
Mahe W Patch,72,74.0314173473724,79.255474694565
Mahe W Patch,73,74.0596769684725,79.24466929258463
Mahe W Patch,74,74.0856199423028,79.23190236070269
Mahe W Patch,75,74.1094349163151,79.21820533232167
Mahe W Patch,76,74.1312953802056,79.20460964084405
Mahe W Patch,77,74.1512082083338,79.19214671967234
Mahe W Patch,78,74.1693344723313,79.18184800220904
Mahe W Patch,79,74.1859961023375,79.17474492185664
Mahe W Patch,80,74.2013108952791,79.1718689120176
Mahe W Patch,81,74.2155549476884,79.17425140609448
Mahe W Patch,82,74.2286580597223,79.1829238374897
Mahe W Patch,83,74.2406859480854,79.1989176396058
Mahe W Patch,84,74.2517265795634,79.2232642458453
Mahe W Patch,85,74.2618607671441,79.25699508961061
Mahe W Patch,86,74.2711627448963,79.30114160430428
Mahe W Patch,87,74.2797120427867,79.35673522332878
Mahe W Patch,88,74.2876228347165,79.42480738008662
Mahe W Patch,89,74.2948672578574,79.5063895079803
Mahe W Patch,90,74.3014509739643,79.60251304041229
Mahe W Patch,91,74.3074941804306,79.7142094107851
Mahe W Patch,92,74.3130411856274,79.8425100525012
Mahe W Patch,93,74.3181326763556,79.98844639896312
Mahe W Patch,94,74.3228060121694,80.15304988357333
Mahe W Patch,95,74.3270954960479,80.33735193973432
Mahe W Patch,96,74.3310326232735,80.5423840008486
Mahe W Patch,97,74.3346463102346,80.76917750031866
Mahe W Patch,98,74.337963104744,81.01876387154694
Mahe W Patch,99,74.3410073793383,81.29217454793609
Praslin NE Granite,0,6.58502875251804,9.413112323268727
Praslin NE Granite,1,9.17643241799272,12.093987126955291
Praslin NE Granite,2,12.5698974318863,14.706224255412458
Praslin NE Granite,3,16.6242239665062,17.250711586978433
Praslin NE Granite,4,21.3800413204187,19.72833699999135
Praslin NE Granite,5,26.8409633375691,22.139988372789496
Praslin NE Granite,6,32.6212469905929,24.486553583710993
Praslin NE Granite,7,38.576422494424,26.76892051109406
Praslin NE Granite,8,44.4360812060845,28.98797703327694
Praslin NE Granite,9,49.8908724093198,31.144611028597815
Praslin NE Granite,10,54.8634710303205,33.239710375394935
Praslin NE Granite,11,59.3521676844117,35.27416295200642
Praslin NE Granite,12,63.155105246163,37.24885663677047
Praslin NE Granite,13,66.4128033748442,39.1646793080254
Praslin NE Granite,14,69.1586666621667,41.022518844109285
Praslin NE Granite,15,71.4169985275819,42.823263123360405
Praslin NE Granite,16,73.2763692498269,44.56780002411695
Praslin NE Granite,17,74.7898238157247,46.25701742471712
Praslin NE Granite,18,76.0035273529111,47.891803203499094
Praslin NE Granite,19,76.9649252654803,49.47304523880115
Praslin NE Granite,20,77.7366471968085,51.00163140896137
Praslin NE Granite,21,78.3503853624793,52.47844959231806
Praslin NE Granite,22,78.8417943572182,53.90438766720939
Praslin NE Granite,23,79.2260031810692,55.28033351197354
Praslin NE Granite,24,79.5370117356533,56.60717500494874
Praslin NE Granite,25,79.7807738638584,57.88580002447321
Praslin NE Granite,26,79.9723013615768,59.11709644888512
Praslin NE Granite,27,80.1225516954163,60.301952156522674
Praslin NE Granite,28,80.2422085314217,61.44125502572409
Praslin NE Granite,29,80.335889020552,62.53589293482757
Praslin NE Granite,30,80.4097736981265,63.58675376217131
Praslin NE Granite,31,80.4683181865943,64.59472538609351
Praslin NE Granite,32,80.5147151586778,65.56069568493241
Praslin NE Granite,33,80.5513017110893,66.48555253702617
Praslin NE Granite,34,80.580187846893,67.370183820713
Praslin NE Granite,35,80.6032287698904,68.21547741433112
Praslin NE Granite,36,80.6212413862006,69.0223211962187
Praslin NE Granite,37,80.6354196534212,69.791603044714
Praslin NE Granite,38,80.6464923962062,70.52421083815517
Praslin NE Granite,39,80.6552201608603,71.22103245488044
Praslin NE Granite,40,80.6620948218357,71.88295577322799
Praslin NE Granite,41,80.6675235083862,72.51086867153606
Praslin NE Granite,42,80.6717923100959,73.10565902814282
Praslin NE Granite,43,80.6751489909605,73.6682147213865
Praslin NE Granite,44,80.677781337377,74.19942362960528
Praslin NE Granite,45,80.6798477092304,74.70017363113737
Praslin NE Granite,46,80.6814747510332,75.17135260432099
Praslin NE Granite,47,80.6827558606455,75.61384842749432
Praslin NE Granite,48,80.6837630343696,76.02854897899557
Praslin NE Granite,49,80.6845575460907,76.41634213716296
Praslin NE Granite,50,80.6851875429267,76.77811578033466
Praslin NE Granite,51,80.685681664612,77.11475778684891
Praslin NE Granite,52,80.6860673097663,77.42715603504388
Praslin NE Granite,53,80.6863711635972,77.71619840325779
Praslin NE Granite,54,80.6866105732876,77.98277276982884
Praslin NE Granite,55,80.6867992068706,78.22776701309525
Praslin NE Granite,56,80.6869482027737,78.4520690113952
Praslin NE Granite,57,80.6870655306003,78.65656664306691
Praslin NE Granite,58,80.6871579031474,78.84214778644856
Praslin NE Granite,59,80.6872305794308,79.00970031987838
Praslin NE Granite,60,80.6872878161076,79.16011212169455
Praslin NE Granite,61,80.6873328932174,79.2942710702353
Praslin NE Granite,62,80.6873683939799,79.41306504383881
Praslin NE Granite,63,80.6873963528287,79.51738192084329
Praslin NE Granite,64,80.6874183376569,79.60810957958694
Praslin NE Granite,65,80.6874356388861,79.68613589840797
Praslin NE Granite,66,80.6874492975003,79.75234875564459
Praslin NE Granite,67,80.6874600581253,79.80763602963498
Praslin NE Granite,68,80.6874685349921,79.85288559871736
Praslin NE Granite,69,80.687475212794,79.88898534122995
Praslin NE Granite,70,80.6874804733548,79.91682313551091
Praslin NE Granite,71,80.6874846174609,79.93728685989848
Praslin NE Granite,72,80.6874878820611,79.95126439273086
Praslin NE Granite,73,80.6874904538157,79.95964361234623
Praslin NE Granite,74,80.6874924824035,79.9633123970828
Praslin NE Granite,75,80.6874940840003,79.96315862527881
Praslin NE Granite,76,80.6874953443826,79.9600701752724
Praslin NE Granite,77,80.6874963362449,79.9549349254018
Praslin NE Granite,78,80.6874971167945,79.94864075400524
Praslin NE Granite,79,80.6874977310508,79.94207553942091
Praslin NE Granite,80,80.687498214442,79.93612715998698
Praslin NE Granite,81,80.6874985948484,79.93168349404172
Praslin NE Granite,82,80.6874988942108,79.92963241992327
Praslin NE Granite,83,80.687499129795,79.93086181596983
Praslin NE Granite,84,80.6874993151889,79.93625956051969
Praslin NE Granite,85,80.6874994610853,79.94671353191097
Praslin NE Granite,86,80.687499575899,79.96311160848188
Praslin NE Granite,87,80.687499666252,79.98634166857062
Praslin NE Granite,88,80.6874997373558,80.01729159051544
Praslin NE Granite,89,80.6874997933111,80.0568492526545
Praslin NE Granite,90,80.6874998373453,80.10590253332606
Praslin NE Granite,91,80.6874998719983,80.16533931086823
Praslin NE Granite,92,80.6874998992685,80.23604746361926
Praslin NE Granite,93,80.687499920729,80.31891486991742
Praslin NE Granite,94,80.6874999376173,80.41482940810079
Praslin NE Granite,95,80.6874999509077,80.52467895650767
Praslin NE Granite,96,80.6874999613666,80.64935139347622
Praslin NE Granite,97,80.6874999695973,80.78973459734465
Praslin NE Granite,98,80.6874999760744,80.94671644645115
Praslin NE Granite,99,80.6874999811717,81.12118481913399
Praslin NE Patch,0,4.94274426874074,15.868833842999003
Praslin NE Patch,1,5.47669770607232,18.736750925859262
Praslin NE Patch,2,6.0554309010188,21.52469877667314
Praslin NE Patch,3,6.70918952951252,24.233792789725378
Praslin NE Patch,4,7.42598686356029,26.865148359300797
Praslin NE Patch,5,8.20818354957789,29.419880879684108
Praslin NE Patch,6,9.07218363352852,31.899105745160107
Praslin NE Patch,7,9.95510473337391,34.303938350013645
Praslin NE Patch,8,10.9424996424323,36.635494088529406
Praslin NE Patch,9,12.0100973932535,38.89488835499218
Praslin NE Patch,10,13.088010134267,41.08323654368683
Praslin NE Patch,11,14.2678478904539,43.201654048898085
Praslin NE Patch,12,15.5102057767055,45.25125626491063
Praslin NE Patch,13,16.8663726816075,47.233158586009445
Praslin NE Patch,14,18.2820243688725,49.148476406479126
Praslin NE Patch,15,19.7257312065892,50.99832512060454
Praslin NE Patch,16,21.2017508142193,52.78382012267041
Praslin NE Patch,17,22.7086718015915,54.50607680696158
Praslin NE Patch,18,24.3432517108146,56.166210567762796
Praslin NE Patch,19,26.0447296879646,57.765336799358856
Praslin NE Patch,20,27.7172000110104,59.304570896034484
Praslin NE Patch,21,29.4279502718834,60.78502825207453
Praslin NE Patch,22,31.1726450732339,62.20782426176374
Praslin NE Patch,23,32.9153790740319,63.57407431938686
Praslin NE Patch,24,34.6899607900474,64.88489381922872
Praslin NE Patch,25,36.4375029811426,66.1413981555741
Praslin NE Patch,26,38.1990609812513,67.34470272270771
Praslin NE Patch,27,39.9448967936836,68.4959229149144
Praslin NE Patch,28,41.6581812545855,69.59617412647894
Praslin NE Patch,29,43.3801628105621,70.64657175168605
Praslin NE Patch,30,45.0834793630742,71.64823118482059
Praslin NE Patch,31,46.7671101277836,72.60226782016728
Praslin NE Patch,32,48.4187727309455,73.50979705201094
Praslin NE Patch,33,50.006362226331,74.3719342746363
Praslin NE Patch,34,51.5630385533471,75.18979488232819
Praslin NE Patch,35,53.0813678452707,75.96449426937136
Praslin NE Patch,36,54.5609701553921,76.69714783005057
Praslin NE Patch,37,55.9696532332064,77.38887095865067
Praslin NE Patch,38,57.3336888098714,78.04077904945635
Praslin NE Patch,39,58.6514007342746,78.65398749675245
Praslin NE Patch,40,59.9335820728444,79.22961169482369
Praslin NE Patch,41,61.1397099839394,79.76876703795493
Praslin NE Patch,42,62.2922500427531,80.2725689204309
Praslin NE Patch,43,63.3879175937579,80.74213273653636
Praslin NE Patch,44,64.4397261098134,81.17857388055614
Praslin NE Patch,45,65.4419305093503,81.58300774677497
Praslin NE Patch,46,66.3955562961774,81.95654972947766
Praslin NE Patch,47,67.3097985338232,82.30031522294897
Praslin NE Patch,48,68.1774864888149,82.6154196214737
Praslin NE Patch,49,68.9996758323795,82.9029783193366
Praslin NE Patch,50,69.7699530657571,83.16410671082248
Praslin NE Patch,51,70.493979110027,83.3999201902161
Praslin NE Patch,52,71.1777765350833,83.61153415180223
Praslin NE Patch,53,71.8321026111536,83.80006398986566
Praslin NE Patch,54,72.4492983690734,83.96662509869117
Praslin NE Patch,55,73.0310161978417,84.11233287256354
Praslin NE Patch,56,73.572000804078,84.23830270576755
Praslin NE Patch,57,74.083466855657,84.34564999258797
Praslin NE Patch,58,74.5740019792539,84.43549012730959
Praslin NE Patch,59,75.0350708518607,84.50893850421718
Praslin NE Patch,60,75.4638102455497,84.56711051759551
Praslin NE Patch,61,75.8660092110948,84.61112156172938
Praslin NE Patch,62,76.2434856914428,84.64208703090355
Praslin NE Patch,63,76.5981532760731,84.6611223194028
Praslin NE Patch,64,76.9308871196239,84.66934282151192
Praslin NE Patch,65,77.2427099670429,84.6678639315157
Praslin NE Patch,66,77.5348272098233,84.65780104369887
Praslin NE Patch,67,77.8069478877282,84.64026955234627
Praslin NE Patch,68,78.061262745512,84.61638485174262
Praslin NE Patch,69,78.3007948469877,84.58726233617276
Praslin NE Patch,70,78.5248185449227,84.5540173999214
Praslin NE Patch,71,78.7343999152013,84.5177654372734
Praslin NE Patch,72,78.9304212304415,84.47962184251347
Praslin NE Patch,73,79.1137172437118,84.44070200992641
Praslin NE Patch,74,79.2850768893597,84.402121333797
Praslin NE Patch,75,79.4452450500418,84.36499520841002
Praslin NE Patch,76,79.594924364999,84.33043902805025
Praslin NE Patch,77,79.7347770583882,84.29956818700245
Praslin NE Patch,78,79.8654267698444,84.27349807955144
Praslin NE Patch,79,79.9874603723984,84.25334409998194
Praslin NE Patch,80,80.1014297654823,84.2402216425788
Praslin NE Patch,81,80.207853633035,84.23524610162679
Praslin NE Patch,82,80.3072191586994,84.2395328714106
Praslin NE Patch,83,80.3999836918208,84.25419734621508
Praslin NE Patch,84,80.486576359442,84.28035492032504
Praslin NE Patch,85,80.5673996207566,84.31912098802516
Praslin NE Patch,86,80.6428307615659,84.3716109436003
Praslin NE Patch,87,80.713186625755,84.4389401813352
Praslin NE Patch,88,80.7785622765076,84.52222409551467
Praslin NE Patch,89,80.8395824957466,84.62257808042347
Praslin NE Patch,90,80.8965333825256,84.74111753034634
Praslin NE Patch,91,80.9496827733534,84.87895783956813
Praslin NE Patch,92,80.9992813382245,85.03721440237354
Praslin NE Patch,93,81.0457869396925,85.2170026130475
Praslin NE Patch,94,81.0892567304987,85.41943786587456
Praslin NE Patch,95,81.1297954684566,85.64563555513968
Praslin NE Patch,96,81.1675989990681,85.89671107512763
Praslin NE Patch,97,81.2027036596459,86.17377982012303
Praslin NE Patch,98,81.2354016302102,86.47795718441083
Praslin NE Patch,99,81.2659044466735,86.8103585622757
Praslin SW Granite,0,6.20839871287671,10.557310379678363
Praslin SW Granite,1,8.02697185789799,13.12598509665127
Praslin SW Granite,2,10.2876302883081,15.628742375790445
Praslin SW Granite,3,13.077698492727,18.066438970372694
Praslin SW Granite,4,16.3548789193201,20.43993163367478
Praslin SW Granite,5,20.1118601888118,22.750077118973458
Praslin SW Granite,6,24.3140060174659,24.997732179545544
Praslin SW Granite,7,28.9965272320497,27.183753568667818
Praslin SW Granite,8,33.9685230191098,29.30899803961706
Praslin SW Granite,9,39.297874840439,31.374322345669984
Praslin SW Granite,10,44.5055341222511,33.380583240103476
Praslin SW Granite,11,49.7290929670095,35.32863747619426
Praslin SW Granite,12,54.8869337015592,37.21934180721911
Praslin SW Granite,13,59.843823906259,39.05355298645485
Praslin SW Granite,14,64.4238818593151,40.83212776717821
Praslin SW Granite,15,68.6800343567635,42.555922902666
Praslin SW Granite,16,72.6398333786343,44.225795146195
Praslin SW Granite,17,76.2015915173372,45.84260125104197
Praslin SW Granite,18,79.3723488712683,47.40719797048371
Praslin SW Granite,19,82.1945211815248,48.92044205779703
Praslin SW Granite,20,84.6841981023509,50.38319026625864
Praslin SW Granite,21,86.8999722432434,51.79629934914536
Praslin SW Granite,22,88.7881555774749,53.160626059733985
Praslin SW Granite,23,90.432786005089,54.47702715130127
Praslin SW Granite,24,91.8505580420201,55.74635937712401
Praslin SW Granite,25,93.0624957709558,56.96947949047899
Praslin SW Granite,26,94.101810308845,58.14724424464296
Praslin SW Granite,27,94.9831705572233,59.28051039289274
Praslin SW Granite,28,95.7512834422024,60.370134688505075
Praslin SW Granite,29,96.3897475313931,61.41697388475677
Praslin SW Granite,30,96.9431901663128,62.42188473492462
Praslin SW Granite,31,97.4222788692877,63.38572399228538
Praslin SW Granite,32,97.8229779577516,64.30934841011582
Praslin SW Granite,33,98.1605621223132,65.19361474169276
Praslin SW Granite,34,98.442088535927,66.03937974029294
Praslin SW Granite,35,98.6835359957951,66.84750015919317
Praslin SW Granite,36,98.8867271424359,67.61883275167023
Praslin SW Granite,37,99.0599284217944,68.35423427100088
Praslin SW Granite,38,99.2070150207252,69.05456147046192
Praslin SW Granite,39,99.3314132653031,69.72067110333012
Praslin SW Granite,40,99.4352133888514,70.35341992288224
Praslin SW Granite,41,99.5239545588766,70.9536646823951
Praslin SW Granite,42,99.598987433515,71.52226213514547
Praslin SW Granite,43,99.6617501276933,72.06006903441013
Praslin SW Granite,44,99.7144222368054,72.56794213346585
Praslin SW Granite,45,99.7590586688167,73.04673818558942
Praslin SW Granite,46,99.7967865770485,73.49731394405762
Praslin SW Granite,47,99.8286136512189,73.92052616214723
Praslin SW Granite,48,99.8555529050129,74.31723159313502
Praslin SW Granite,49,99.878295358724,74.68828699029778
Praslin SW Granite,50,99.8972905121604,75.03454910691231
Praslin SW Granite,51,99.9131629626077,75.35687469625536
Praslin SW Granite,52,99.9266068950466,75.65612051160372
Praslin SW Granite,53,99.9380443434549,75.93314330623419
Praslin SW Granite,54,99.9477192278133,76.18879983342352
Praslin SW Granite,55,99.9559098736865,76.4239468464485
Praslin SW Granite,56,99.9628254604131,76.63944109858593
Praslin SW Granite,57,99.9686532109168,76.83613934311258
Praslin SW Granite,58,99.9735119964406,77.01489833330523
Praslin SW Granite,59,99.9776177225289,77.17657482244064
Praslin SW Granite,60,99.9810870817553,77.32202556379562
Praslin SW Granite,61,99.9840439543554,77.45210731064694
Praslin SW Granite,62,99.9865434678984,77.56767681627139
Praslin SW Granite,63,99.9886598576879,77.66959083394573
Praslin SW Granite,64,99.9904433994173,77.75870611694675
Praslin SW Granite,65,99.9919464363401,77.83587941855126
Praslin SW Granite,66,99.9932033239421,77.901967492036
Praslin SW Granite,67,99.994267549954,77.95782709067777
Praslin SW Granite,68,99.9951699108827,78.00431496775332
Praslin SW Granite,69,99.9959338771649,78.04228787653948
Praslin SW Granite,70,99.9965762899216,78.072602570313
Praslin SW Granite,71,99.9971128476042,78.09611580235067
Praslin SW Granite,72,99.9975642192402,78.11368432592927
Praslin SW Granite,73,99.997944762424,78.12616489432558
Praslin SW Granite,74,99.9982658511715,78.13441426081637
Praslin SW Granite,75,99.9985367746103,78.13928917867847
Praslin SW Granite,76,99.9987652661409,78.14164640118858
Praslin SW Granite,77,99.9989584611459,78.14234268162353
Praslin SW Granite,78,99.9991219521768,78.14223477326011
Praslin SW Granite,79,99.999259779358,78.14217942937509
Praslin SW Granite,80,99.9993759713182,78.14303340324523
Praslin SW Granite,81,99.9994739242793,78.14565344814733
Praslin SW Granite,82,99.9995565013287,78.15089631735817
Praslin SW Granite,83,99.9996261161117,78.15961876415452
Praslin SW Granite,84,99.9996848033828,78.1726775418132
Praslin SW Granite,85,99.9997342784853,78.19092940361092
Praslin SW Granite,86,99.9997759874913,78.21523110282455
Praslin SW Granite,87,99.9998111494725,78.24643939273078
Praslin SW Granite,88,99.999840607032,78.28541102660641
Praslin SW Granite,89,99.9998654411779,78.3330027577283
Praslin SW Granite,90,99.9998864059285,78.39007133937314
Praslin SW Granite,91,99.9999041041907,78.45747352481776
Praslin SW Granite,92,99.9999190449278,78.5360660673389
Praslin SW Granite,93,99.9999316577967,78.62670572021342
Praslin SW Granite,94,99.9999423055068,78.730249236718
Praslin SW Granite,95,99.9999512942509,78.84755337012946
Praslin SW Granite,96,99.9999588825125,78.97947487372464
Praslin SW Granite,97,99.9999653180731,79.12687050078021
Praslin SW Granite,98,99.9999707566521,79.29059700457303
Praslin SW Granite,99,99.9999753423906,79.47151113837988
Ste Anne Granite,0,12.7549952654898,21.058149460506193
Ste Anne Granite,1,13.5821920002244,23.930012085006346
Ste Anne Granite,2,14.499572475471,26.721574783529455
Ste Anne Granite,3,15.446181317067,29.433956778812664
Ste Anne Granite,4,16.3807287822029,32.06827729359315
Ste Anne Granite,5,17.3748449302038,34.62565555060805
Ste Anne Granite,6,18.4532635699222,37.10721077259458
Ste Anne Granite,7,19.563110037678,39.5140621822899
Ste Anne Granite,8,20.7119156409802,41.847329002431216
Ste Anne Granite,9,21.9502166992713,44.10813045575565
Ste Anne Granite,10,23.1953387084068,46.297585765000456
Ste Anne Granite,11,24.5059347534873,48.416814152902695
Ste Anne Granite,12,25.7859913629467,50.4669348421996
Ste Anne Granite,13,27.1842279882021,52.44906705562837
Ste Anne Granite,14,28.6160576806802,54.364330015926136
Ste Anne Granite,15,30.117715321223,56.21384294583006
Ste Anne Granite,16,31.6246372372063,57.99872506807737
Ste Anne Granite,17,33.1753907979598,59.720095605405184
Ste Anne Granite,18,34.7766230160796,61.379073780550705
Ste Anne Granite,19,36.3592512271883,62.976778816251134
Ste Anne Granite,20,37.9641462948821,64.51432993524361
Ste Anne Granite,21,39.6352957299014,65.99284636026528
Ste Anne Granite,22,41.3434367671912,67.41344731405334
Ste Anne Granite,23,43.0266663111218,68.777252019345
Ste Anne Granite,24,44.77283605548,70.08537969887738
Ste Anne Granite,25,46.4570416244207,71.33894957538769
Ste Anne Granite,26,48.1655475764704,72.53908087161308
Ste Anne Granite,27,49.8408143153713,73.68689281029074
Ste Anne Granite,28,51.4870722383393,74.78350461415783
Ste Anne Granite,29,53.1486900398399,75.83003550595153
Ste Anne Granite,30,54.7878616398746,76.82760470840901
Ste Anne Granite,31,56.373733212531,77.77733144426745
Ste Anne Granite,32,57.9273151880531,78.68033493626403
Ste Anne Granite,33,59.4334867904114,79.5377344071359
Ste Anne Granite,34,60.9394807310793,80.35064907962025
Ste Anne Granite,35,62.414804763395,81.12019817645427
Ste Anne Granite,36,63.8751072407979,81.84750092037507
Ste Anne Granite,37,65.2891380959044,82.5336765341199
Ste Anne Granite,38,66.6931493680293,83.1798442404259
Ste Anne Granite,39,68.0793684384479,83.78712326203026
Ste Anne Granite,40,69.424990341339,84.3566328216701
Ste Anne Granite,41,70.7292276446662,84.88949214208264
Ste Anne Granite,42,71.984828159819,85.38682044600506
Ste Anne Granite,43,73.1589034471975,85.8497369561745
Ste Anne Granite,44,74.2917971155622,86.27936089532815
Ste Anne Granite,45,75.3790254653221,86.6768114862032
Ste Anne Granite,46,76.4556097613713,87.0432079515368
Ste Anne Granite,47,77.4855038630968,87.37966951406614
Ste Anne Granite,48,78.4809556104642,87.68731539652836
Ste Anne Granite,49,79.4421906792861,87.96726482166068
Ste Anne Granite,50,80.3648965421595,88.22063701220026
Ste Anne Granite,51,81.2415652522258,88.44855119088425
Ste Anne Granite,52,82.078146340991,88.65212658044982
Ste Anne Granite,53,82.8750164221333,88.83248240363417
Ste Anne Granite,54,83.6379546907527,88.99073788317449
Ste Anne Granite,55,84.3780918333859,89.12801224180791
Ste Anne Granite,56,85.087659366444,89.24542470227162
Ste Anne Granite,57,85.7648334443597,89.3440944873028
Ste Anne Granite,58,86.4051264623258,89.42514081963861
Ste Anne Granite,59,87.0162727305326,89.48968292201624
Ste Anne Granite,60,87.6049502135886,89.53884001717284
Ste Anne Granite,61,88.1625378733547,89.57373132784562
Ste Anne Granite,62,88.6931446871075,89.59547607677172
Ste Anne Granite,63,89.1978217870124,89.60519348668834
Ste Anne Granite,64,89.6776071366838,89.6040027803326
Ste Anne Granite,65,90.1335221812343,89.59302318044176
Ste Anne Granite,66,90.5665689879054,89.57337390975292
Ste Anne Granite,67,90.977727837136,89.54617419100327
Ste Anne Granite,68,91.3679552249292,89.51254324693001
Ste Anne Granite,69,91.7381822387479,89.4736003002703
Ste Anne Granite,70,92.0895757843071,89.4304645737613
Ste Anne Granite,71,92.4227241103573,89.38425529014017
Ste Anne Granite,72,92.7384662621696,89.33609167214414
Ste Anne Granite,73,93.0376255415271,89.28709294251033
Ste Anne Granite,74,93.3209957660037,89.23837832397592
Ste Anne Granite,75,93.5893412256762,89.19106703927815
Ste Anne Granite,76,93.8433968008243,89.14627831115408
Ste Anne Granite,77,94.0838682187408,89.10513136234096
Ste Anne Granite,78,94.3114324297211,89.06874541557596
Ste Anne Granite,79,94.5264021045155,89.03823969359624
Ste Anne Granite,80,94.7288162612143,89.01473341913893
Ste Anne Granite,81,94.9203283322033,88.99934581494131
Ste Anne Granite,82,95.1014940924441,88.99319610374044
Ste Anne Granite,83,95.2728444240692,88.99740350827355
Ste Anne Granite,84,95.4348860438623,89.01308725127785
Ste Anne Granite,85,95.5881022574702,89.04136655549044
Ste Anne Granite,86,95.7329537324902,89.08336064364852
Ste Anne Granite,87,95.8698792835431,89.14018873848926
Ste Anne Granite,88,95.9992966633306,89.21297006274986
Ste Anne Granite,89,96.121472697213,89.30282383916744
Ste Anne Granite,90,96.2362453135541,89.41086929047924
Ste Anne Granite,91,96.3447320006823,89.5382256394224
Ste Anne Granite,92,96.4472672375946,89.68601210873405
Ste Anne Granite,93,96.54416877464,89.85534792115146
Ste Anne Granite,94,96.6357383518466,90.0473522994117
Ste Anne Granite,95,96.7227679410356,90.26314446625202
Ste Anne Granite,96,96.8051412422149,90.50384364440959
Ste Anne Granite,97,96.8829287338037,90.77056905662153
Ste Anne Granite,98,96.956380586425,91.06443992562504
Ste Anne Granite,99,97.0257338874291,91.3865754741573
Ste Anne Patch,0,7.52367516899622,25.674421449093934
Ste Anne Patch,1,9.21603536049044,28.322767774396617
Ste Anne Patch,2,11.1824007668995,30.902231751591295
Ste Anne Patch,3,13.4907251150223,33.41372029675924
Ste Anne Patch,4,16.1457028063262,35.85814032598154
Ste Anne Patch,5,19.1191287881119,38.23639875533941
Ste Anne Patch,6,22.4393526886381,40.549402500914084
Ste Anne Patch,7,26.0313018148549,42.79805847878674
Ste Anne Patch,8,29.8239381928416,44.98327360503855
Ste Anne Patch,9,33.7743219262359,47.10595479575069
Ste Anne Patch,10,37.8206435465336,49.167008967004406
Ste Anne Patch,11,41.8912785920134,51.16734303488081
Ste Anne Patch,12,45.8030359556471,53.10786391546113
Ste Anne Patch,13,49.680204198107,54.989478524826644
Ste Anne Patch,14,53.3921555533683,56.81309377905837
Ste Anne Patch,15,56.8544073055729,58.5796165942376
Ste Anne Patch,16,60.1492418734876,60.28995388644551
Ste Anne Patch,17,63.1278604231171,61.94501257176331
Ste Anne Patch,18,65.892040906747,63.54569956627214
Ste Anne Patch,19,68.4194706518762,65.09292178605325
Ste Anne Patch,20,70.6917801321397,66.5875861471878
Ste Anne Patch,21,72.7232751094944,68.03059956575696
Ste Anne Patch,22,74.5507356468824,69.42286895784196
Ste Anne Patch,23,76.1557933642216,70.76530123952396
Ste Anne Patch,24,77.5904033808983,72.05880332688416
Ste Anne Patch,25,78.8524009014211,73.30428213600376
Ste Anne Patch,26,79.9559612099461,74.50264458296394
Ste Anne Patch,27,80.9270610737794,75.65479758384589
Ste Anne Patch,28,81.7896941703357,76.76164805473078
Ste Anne Patch,29,82.5291996257434,77.82410291169984
Ste Anne Patch,30,83.1827364251598,78.84306907083425
Ste Anne Patch,31,83.7437959160762,79.81945344821519
Ste Anne Patch,32,84.2283782195329,80.75416295992383
Ste Anne Patch,33,84.6544198787316,81.6481045220414
Ste Anne Patch,34,85.0173079241526,82.50218505064908
Ste Anne Patch,35,85.3335735574717,83.31731146182803
Ste Anne Patch,36,85.6070133551845,84.09439067165947
Ste Anne Patch,37,85.8452343688207,84.83432959622458
Ste Anne Patch,38,86.0507197616647,85.53803515160457
Ste Anne Patch,39,86.2275960873974,86.2064142538806
Ste Anne Patch,40,86.3790129804847,86.84037381913386
Ste Anne Patch,41,86.509844220089,87.44082076344557
Ste Anne Patch,42,86.6219163806778,88.0086620028969
Ste Anne Patch,43,86.7179609094735,88.54480445356903
Ste Anne Patch,44,86.8008849735737,89.05015503154317
Ste Anne Patch,45,86.8722990416104,89.52562065290051
Ste Anne Patch,46,86.9341595891755,89.97210823372222
Ste Anne Patch,47,86.9869495717691,90.39052469008952
Ste Anne Patch,48,87.0324961275902,90.78177693808357
Ste Anne Patch,49,87.0719070303119,91.14677189378557
Ste Anne Patch,50,87.1055780981991,91.48641647327672
Ste Anne Patch,51,87.1345435146013,91.80161759263821
Ste Anne Patch,52,87.1594428630188,92.09328216795122
Ste Anne Patch,53,87.1807479124744,92.36231711529693
Ste Anne Patch,54,87.1992371574,92.60962935075656
Ste Anne Patch,55,87.2149060943732,92.83612579041129
Ste Anne Patch,56,87.2284726298776,93.04271335034228
Ste Anne Patch,57,87.2401876122187,93.23029894663077
Ste Anne Patch,58,87.2502481713115,93.39978949535791
Ste Anne Patch,59,87.2589186758951,93.55209191260491
Ste Anne Patch,60,87.266381972129,93.68811311445295
Ste Anne Patch,61,87.2728060296141,93.80876001698321
Ste Anne Patch,62,87.2783471597972,93.91493953627692
Ste Anne Patch,63,87.2831408380265,94.00755858841524
Ste Anne Patch,64,87.2872700444247,94.08752408947934
Ste Anne Patch,65,87.2908022964483,94.15574295555048
Ste Anne Patch,66,87.2938350456751,94.21312210270978
Ste Anne Patch,67,87.2964439469809,94.26056844703845
Ste Anne Patch,68,87.2986930810991,94.29898890461769
Ste Anne Patch,69,87.3006326241529,94.32929039152869
Ste Anne Patch,70,87.3022997292958,94.35237982385262
Ste Anne Patch,71,87.3037326587785,94.36916411767069
Ste Anne Patch,72,87.3049643026614,94.38055018906411
Ste Anne Patch,73,87.3060229326982,94.387444954114
Ste Anne Patch,74,87.3069328505297,94.39075532890163
Ste Anne Patch,75,87.3077149449778,94.39138822950817
Ste Anne Patch,76,87.3083856866998,94.39025057201475
Ste Anne Patch,77,87.3089615315245,94.38824927250265
Ste Anne Patch,78,87.309456781891,94.38629124705301
Ste Anne Patch,79,87.3098820320745,94.385283411747
Ste Anne Patch,80,87.3102490385376,94.38613268266585
Ste Anne Patch,81,87.3105640891535,94.38974597589075
Ste Anne Patch,82,87.31083504481,94.39703020750287
Ste Anne Patch,83,87.3110680769823,94.40889229358338
Ste Anne Patch,84,87.3112684934286,94.42623915021352
Ste Anne Patch,85,87.311440859061,94.44997769347448
Ste Anne Patch,86,87.3115890999029,94.48101483944741
Ste Anne Patch,87,87.3117165925001,94.52025750421352
Ste Anne Patch,88,87.3118259891433,94.56861260385399
Ste Anne Patch,89,87.3119201319868,94.62698705445
Ste Anne Patch,90,87.312001300655,94.69628777208278
Ste Anne Patch,91,87.3120711073475,94.77742167283348
Ste Anne Patch,92,87.3121311425295,94.87129567278332
Ste Anne Patch,93,87.3121827740295,94.97881668801351
Ste Anne Patch,94,87.3122271782043,95.10089163460516
Ste Anne Patch,95,87.312265366741,95.23842742863953
Ste Anne Patch,96,87.312298209709,95.39233098619776
Ste Anne Patch,97,87.3123264553832,95.5635092233611
Ste Anne Patch,98,87.3123507472934,95.75286905621068
Ste Anne Patch,99,87.3123716388866,95.96131740082775
